title,artist,year,type,latitude,longitude
1600,Collective Architecture,2021,Wall,39.952710,-75.167325
1822 Chestnut,,1870,Entrance,39.951700,-75.171350
1835 Market Fountain,Vincent Kling/Kling Lindquist Partnership/KlingStubbins (Architects),1986,Wall,39.953600,-75.170825
2000MKT,,2021,Mural/Public Art,39.953490,-75.173600
2100 Mount Vernon Sidewalk Mosaics,Sidewalk,2017,Sidewalk,39.966075,-75.173200
2116 Chestnut Vent Covers,Hartshorne Plunkard Architecture,2013,East facing wall,39.952340,-75.176380
21st Ward War Memorial,Herman Miller (Architect),1918,Mural/Public Art,40.036750,-75.221000
4 Seasons,Mike Smash,2003,Bottom of the North wall,39.938550,-75.163000
4005 Woodland Ave.,Isaiah Zagar,1997,House and driveway walls,39.948685,-75.204890
600 S. Washington Square Gates,Samuel Yellin,1925,Gate,39.946069,-75.151677
743 Spruce Gates,Elizabeth Osborne,1978,Gates,39.946150,-75.154500
A Friend,Charles Parks,1976,Mural/Public Art,40.098795,-75.002705
A Part / Apart,James Fuhrman,2008,Wall,39.944660,-75.153490
A Quest for Parity: The Octavius V. Catto Memorial,Branly Cadet,2017,Mural/Public Art,39.951775,-75.164100
A Tribute to Aviation,Josey Stamm,2004,Interior,39.876205,-75.243865
Abraham Lincoln,Randolph Rogers,1871,Mural/Public Art,39.969550,-75.184500
Acorns and Pinecones,Eric de Jesus,2007,Gateposts,39.919700,-75.182625
Adam,Auguste Rodin,1880,West side of the gateway wall,39.961675,-75.174500
Addams Family Silhouette,Lindsay Falck,2001,Wall,39.953000,-75.194950
Address Fish,,2023,Left side of the entrance,39.971905,-75.127300
Aero Memorial,Paul Manship,1948,Mural/Public Art,39.958090,-75.172060
"Africa, America, Asia, Europe",Alexander Stirling Calder,1920,Gate posts,39.949450,-75.190800
The Age of Bronze,Auguste Rodin,1877,West side of the front wall,39.961875,-75.174050
Air,Walker Hancock,1979,Mural/Public Art,39.957300,-75.178650
The Alchemist,Donald De Lue,1940,Above the entrance,39.950510,-75.192050
Alder Street Garages,Isaiah Zagar,1991,Walls,39.942680,-75.159125
Aldine Hotel Entrance,Addison Hutton (Architect),1895,Entrance,39.951890,-75.172820
Alexander Court Entrance Towers,Robert A. M. Stern (RAMSA),2018,Property entrances,39.958750,-75.166655
Alexander Milne Calder Plaque,,2007,On the wall.,39.953050,-75.163500
Alexander von Humboldt,Friedrich Johann Heinrich Drake,1871,Mural/Public Art,39.982325,-75.205850
All Saints Sculpture Garden,Syd Carpenter,1988,Courtyard,39.952450,-75.201750
All the Light You See,Alicia Eggert,2017,Roof,39.974035,-75.178235
All Wars Memorial to Colored Soldiers and Sailors,J. Otto Schweizer,1934,Mural/Public Art,39.958320,-75.171800
Alliance,David J. Day,1973,Mural/Public Art,39.913425,-75.222200
Allow Me,"J. Seward Johnson, Jr.",1984,Mural/Public Art,39.950880,-75.164800
ALOMH,Tobi Kahn,2024,Entrance,39.950625,-75.158650
Along the Atlantic Flyway,,2014,Mural/Public Art,39.932325,-75.140425
Alpha Sacred Beings,Marianela Fuentes,2022,Mural/Public Art,39.891050,-75.171000
American Song,Eric Parks,1976,Mural/Public Art,39.954160,-75.150810
Amity,David Lee Brown,1977,Former entrance to the Gallery,39.951650,-75.156650
AMOR,Robert Indiana,1998,Mural/Public Art,39.957220,-75.169275
Amtrak Logo,,2013,Plaza,39.955860,-75.182950
Andrey Sheptytsky,,1992,Mural/Public Art,39.965875,-75.150300
Angel Moroni,Karl Quilter,1998,Top of the East tower,39.959040,-75.167960
"ANH: Acro, Nexus, Habile",Robert David Lasus,1980,Mural/Public Art,39.904450,-75.251150
Animals of Fairmount Park,Josey Stamm,2001,Wall,40.026145,-75.225770
Anthony J. Drexel,Moses Jacob Ezekiel,1904,Mural/Public Art,39.955100,-75.187525
Antillean Couple,Agustin Cardenas,1957,Mural/Public Art,39.953850,-75.194780
Apollo,,1870,Mural/Public Art,39.944100,-75.148300
Arabesque and Layout,Cathy Hopkins,1985,Wall,39.945675,-75.149975
Arches of Resurgence,Michael Morgan,2013,Mural/Public Art,39.992350,-75.186075
Ars Medendi (cylinder),Jim Sandborn,2009,Mural/Public Art,39.948500,-75.158525
Ars Medendi (screen),Jim Sandborn,2008,Mural/Public Art,39.947850,-75.157775
The Arsenal of Independence,Robert A. M. Stern Architects,2017,Mural/Public Art,39.948525,-75.145935
Art Deco Flowers,,1932,Front wall,39.967225,-75.162955
Art Museum Cherub,Julian Abele (Architect),1928,Over the back door,39.966075,-75.181700
Art Museum North Faces,Julian Abele (Architect),1928,Walls,39.966200,-75.180150
Art Museum Roof Ornaments,Julian Abele (Architect),1928,Around the roof,39.965000,-75.181015
Art Museum Steps Fountain,Julian Abele (Architect),1928,Along the front steps,39.964950,-75.180100
Art Museum Student Entrance Face,Julian Abele (Architect),1928,Above the student entrance,39.965150,-75.182050
"Art, Science, Industry, Commerce, Agriculture, Mining, and Columbia",Augustus Max Johannes Mueller,1876,On the roof,39.979500,-75.209000
Arts Bank Sign,Mitchell Kurtz Architect PC,1994,On the roof,39.943500,-75.165300
Ascendance,Studio Cooke John,2024,Pavilion,39.957895,-75.195685
The Assist,Michael Grothusen,2011,Mural/Public Art,39.982450,-75.138368
At the Center,Gord Peteran,2011,Delivery doors,39.953380,-75.144890
Athena and Cherubs,,1927,Way over the entrance,39.948200,-75.166160
Athletics,George R. Anthonisen,1983,Wall,39.919940,-75.223150
Atlas X,Art Brenner,1974,Mural/Public Art,39.888600,-75.232675
Atmosphere and Environment XII,Louise Nevelson,1970,Mural/Public Art,39.950960,-75.189650
Aurora Ensemble,Ray King,1989,Entrance,39.947850,-75.160700
Auto Parts Logo,,1923,Wall,39.967250,-75.163810
Autumn Winds,"Messinger, Pietka, Hahn, LLC",2007,Stairs,39.989000,-75.127250
Awakening,Ron T. Pierce,1971,Mural/Public Art,39.942700,-75.174050
Balance,Jill Sablosky,2009,Mural/Public Art,39.953550,-75.151600
Balancing Act,Elsa Tarantal,1984,Plaza,39.956750,-75.201650
Barbelin Hall Gargoyles,Francis Ferdinand Durang (Architect),1927,All over the building,39.995250,-75.237950
Barnes Foundation Tabletop Fountain,Laurie Olin,2012,Mural/Public Art,39.959950,-75.172250
Barnes Totem,Ellsworth Kelly,2012,Mural/Public Art,39.960400,-75.172050
Barry Memorial,,1913,On the wall,39.945700,-75.148325
Barton and Beury Hall Walls,John Botkin,1984,Wall,39.981925,-75.154875
Bas Reliefs,Charles Wallis,1973,Walls,39.944450,-75.150400
Bath,,1500,Mural/Public Art,39.968950,-75.184300
Batter,Joe Brown,1976,Mural/Public Art,39.907350,-75.169800
Battle of Germantown Memorial,Frank Miles Day (Architect),1906,Mural/Public Art,40.036300,-75.175750
Beacon,FKB,2021,Rising through the roof,39.951085,-75.148575
The Beacons,Ray King,2000,Mural/Public Art,39.937850,-75.166800
Bear,Dexter Jones,1968,Mural/Public Art,39.978100,-75.152400
Bear,,2008,Mural/Public Art,40.074535,-75.202960
Bear Bench,,2008,Mural/Public Art,40.074375,-75.203490
Bedell Residence Entrance,Wilson Eyre (Architect),1889,Entrance,39.952310,-75.176975
"Before, Now, Tomorrow",Erica Loustau,2008,Interior,39.959800,-75.224700
Belgravia Lion Heads,,1902,Wall,39.951800,-75.170860
Bell,Toshiko Takaezu,1986,Mural/Public Art,39.966835,-75.181775
Bell Atlantic Tower Fountain,Vincent Kling/Kling Lindquist Partnership/KlingStubbins (Architects),1991,Plaza,39.956000,-75.16900
Bell Tower,Nolen and Swinburne (Architects),1965,Mural/Public Art,39.981300,-75.154350
Bellevue Lions,,1989,Gateposts,39.948750,-75.164605
Ben Franklin,George Lundeen,1987,Mural/Public Art,39.952150,-75.196975
Bench and Table (Enlarged Version/Concentric),Scott Burton,2001,Mural/Public Art,39.967100,-75.181450
Bench Form,Thomas Sternal,1990,Mural/Public Art,39.958450,-75.190400
Beneficial Savings Fund Society Building,Horace Trumbauer (Architect),1916,East wall and North entrance,39.950350,-75.160250
Benjamin Franklin,John J. Boyle,1899,Mural/Public Art,39.951950,-75.193700
Benjamin Franklin,Francesco Lazzarini,1789,Front window,39.947975,-75.163065
Benjamin Franklin,Francesco Lazzarini,1789,Pediment,39.948425,-75.149190
Benjamin Franklin in 1723,R. Tait McKenzie,1914,Mural/Public Art,39.950800,-75.191000
Benjamin Franklin in Fireman's Hat,Dexter Jones,1968,South wall,39.952425,-75.146450
Benjamin Franklin National Memorial,James Earle Fraser,1938,Interior,39.958200,-75.173000
Benjamin Franklin's Way,,2009,Mural/Public Art,39.952800,-75.196975
"Benjamin Franklin, Craftsman",Joe Brown,1981,Mural/Public Art,39.953700,-75.163550
Berg Laboratories Explosion Memorial,,2008,Sidewalk,39.952930,-75.162720
Bicentennial Bell,Holzman Iron Studio,2024,Mural/Public Art,39.947350,-75.146575
Bicentennial Dawn,Louise Nevelson,1975,Inside,39.951225,-75.150600
Bicycle Rack,Warren C. Holzman,2014,Bike rack,39.952965,-75.162865
Big Ben at Franklin Town,Alexander L. Generalis,1992,Bridge over I-676,39.958450,-75.167100
Bike Cloud,Ralph Tullie,2014,Bike rack,39.955375,-75.166425
Bike Cloud,Ralph Tullie,2014,Bike rack,39.946630,-75.164980
Bike Cloud,Ralph Tullie,2014,Bike rack,39.957705,-75.169710
Bike Racks,Dero Bike Racks,2013,Bike racks,39.970680,-75.174175
Bike Terminal,Nathaniel Ross,2014,Bike rack,39.951910,-75.159190
Bilal From Pakistan,Isaiah Zagar,2013,Wall,39.942810,-75.159865
Billy,Albert Laessle,1914,Mural/Public Art,39.949200,-75.172400
Bird,"Joseph J. Greenberg, Jr.",1980,Was in the driveway entrance,39.957700,-75.166900
Bird,Harold Kimmelman,1970,Mural/Public Art,40.026400,-75.053750
Birds,Kathleen Fruge-Brown,2014,Bike racks,39.953140,-75.165500
Birds in Flight,"Joseph J. Greenberg, Jr.",1985,Mural/Public Art,39.950175,-75.142850
Birds of Fairmount Park,Josey Stamm,2001,Wall,40.026135,-75.225665
The Birth of a Nation,Henry Kreis,1943,Mural/Public Art,39.972750,-75.190490
Bishop Matthew Simpson,Clark Mills,1896,Mural/Public Art,39.994750,-75.217825
Bishop Neumann and Southeast Catholic War Memorials,,,Mural/Public Art,39.927150,-75.162200
Black Bottom Memorial Wall,Andrea Zemel,1999,Wall art,39.957425,-75.194200
Black Forest,Robinson Fredenthal,1983,Mural/Public Art,39.951625,-75.194925
Black Rock Mesa,Glenn Zweygardt,1978,Mural/Public Art,39.979225,-75.156500
Blessed John Neumann C. SS. R.,,,Mural/Public Art,39.97000,-75.144700
Blessed Virgin Mary,Joseph Sibbel,1915,Over the South door,39.957425,-75.169010
Blockhead,Robinson Fredenthal,1990,Mural/Public Art,39.961310,-75.151960
Blossom,Joe Mooney,1994,Mural/Public Art,,
Board of Education Building,Irwin T. Catharine (Architect),1930,Building,39.958900,-75.174150
Bolt of Lightning,Isamu Noguchi,1984,Mural/Public Art,39.955450,-75.148750
The Bond,Jim West,2017,Mural/Public Art,39.953510,-75.163150
Bonwit Teller Building,Bella Abdallah,1927,Entrance,39.951430,-75.169000
Bowling Pin,,2006,Over the entrance,39.950715,-75.163290
Boy and Dog,Jim Victor,1982,Mural/Public Art,39.897900,-75.246100
Boy Scouts of America Building,Charles Zeller Klauder (Architect),1929,Whole building.,39.958850,-75.175300
Brick House,Simone Leigh,2019,Mural/Public Art,39.952500,-75.192550
Brigadier General Smedley D. Butler,,,Interior,39.952950,-75.163500
Bronze Figure,Neil Lieberman,1970,Mural/Public Art,39.947500,-75.198425
Bronze Hats,,2019,Interior,39.953075,-75.161550
Bronze Sphere,Klaus Ihlenfeld,1970,Grass plaza,39.963100,-75.149050
Brushstroke Group,Roy Lichtenstein,1996,Mural/Public Art,39.952050,-75.168900
Buckley Park Vietnam Memorial,,1973,Mural/Public Art,40.073400,-75.202650
Budd BB1 Pioneer Aircraft,Budd Company,1931,Mural/Public Art,39.958490,-75.172440
Buddha and Dragons,,2010,Mural/Public Art,39.935210,-75.150400
Bull Negative and Bull Positive,Filippo Bermani,,Mural/Public Art,40.083150,-75.219980
The Burghers of Calais,Auguste Rodin,1884,Mural/Public Art,39.961800,-75.173750
Burst of Joy,Harold Kimmelman,1977,Former Gallery Plaza/Courtyard,39.951650,-75.155250
Butterfly,Harold Kimmelman,1970,Mural/Public Art,39.943625,-75.145700
Camac Center,Isaiah Zagar,2014,Wall,39.948450,-75.161430
Canal Bridge Mosaic,,2009,Wall,40.027590,-75.228610
Caring,Ken Clark,1982,Mural/Public Art,39.943725,-75.154635
Caring Center Frogs and Tadpoles,Friday Architects/Planners,1992,Walls,39.963450,-75.187600
Carlos Carpet,Isaiah Zagar,2000,Walls,39.941085,-75.151425
Carnell Hall Gargoyles,William Harold Lee (Architect),1928,Both sides of the door,39.980425,-75.157075
Cascode,Eto Otitigbe,2024,Wall,39.954600,-75.191600
Catharine Thorn Fountain ,,1890,Mural/Public Art,39.945280,-75.179620
Catholic Total Abstinence Union Fountain,Isaac H. Hobbs and Son (Architects),1876,Mural/Public Art,39.982400,-75.219650
Cats,Henry Mitchell,1974,Courtyard,39.952300,-75.144675
Center City Map,SMP Architects,2021,North wall,39.953960,-75.166075
Center of Mass I,Ken Clark,1977,Mural/Public Art,40.030100,-75.033425
Central Library Pediments,John Donnelly Company,1927,Pediments,39.959300,-75.171100
Central Terrace Medallions,Paul Philippe Cret (Architect),1933,Mural/Public Art,39.973600,-75.190800
Chambers-Wylie Gargoyles,Rankin and Kellog (Architects),1901,Whole building,39.946150,-75.164750
Charioteer of Delphi,Nikos Kerlis,1977,Mural/Public Art,39.965400,-75.179275
Charles Allen Smith,Francis P. Moitz,1917,Mural/Public Art,39.994600,-75.118425
"Charles E. Schaeffer, D.D., S.T.D.",,1975,East inside front garden wall,39.954000,-75.145815
Charles Lennig,John J. Boyle,1900,Mural/Public Art,39.951300,-75.194210
Cherubs,,,Wall,39.941845,-75.150420
Chestnut Hill and Mt. Airy World War I Memorial,,1918,Mural/Public Art,40.067750,-75.197150
Chestnut Park Fountain,Christopher Collins,1979,Mural/Public Art,39.951900,-75.169050
Chestnut Street Bus Shelter Panel (12th),Pablo Tauler,2019,Bus shelter,39.950385,-75.160430
Chestnut Street Bus Shelter Panel (13th),Pablo Tauler,2019,Bus shelter,39.950575,-75.162030
Chestnut Street Bus Shelter Panel (15th),Pablo Tauler,2019,Bus shelter,39.951060,-75.165875
Chestnut Street Bus Shelter Panel (16th),Pablo Tauler,2019,Bus shelter,39.951255,-75.167455
Chestnut Street Bus Shelter Panel (17th),Pablo Tauler,2019,Bus shelter,39.951445,-75.168990
Chestnut Street Bus Shelter Panel (18th),Pablo Tauler,2019,Bus shelter,39.951630,-75.170475
Chestnut Street Bus Shelter Panel (Broad),Pablo Tauler,2019,Bus shelter,39.950860,-75.164330
Chestnut Street Bus Shelters,Pablo Tauler,1999,Bus shelters,39.95035,-75.160290
Chief Justice John Marshall,William Wetmore Story,1883,Mural/Public Art,39.966200,-75.181800
Children Playing,Sarala Ruth Pinto,1969,Mural/Public Art,40.095190,-74.989775
Chimeras,,,Over the entrance,39.951990,-75.172694
China Gate,Sabrina Soong,1984,Mural/Public Art,39.953700,-75.156250
Chinatown Sound Barrier,,1991,Wall,39.956725,-75.155750
Chinatown Zodiac Medallions,Andrews Lefevre Studios,2012,Sidewalks,39.957170,-75.153823
Chinese Cultural and Community Center Dragons,Yang Cho-cheng (Architect),1971,Wall,39.954235,-75.156075
Christian Association Building Basement Stair Post,"Thomas, Martin and Kirkpatrick (Architects)",1929,Original stair post,39.952407,-75.195047
Church of the Holy Child Entrance,George Ignatius Lovatt Sr. (Architect),1928,Church entrance,40.032625,-75.146375
Church of the Lord Jesus Christ of the Apostolic Faith,,1959,North and West sides,39.944100,-75.178710
Church of the Savior Entrance,Charles Marquedent Burns (Architect),1889,Entrance,39.955717,-75.198085
Church Stop Reflection,Joe Brenman,2007,Walls,40.010480,-75.089000
Cinema Verde,Dennis Haugh,2006,Wall,39.965260,-75.142100
"cirque, CIRQUE",Judy Pfaff,1993,On the ceiling,39.952800,-75.159050
City Hall Annex,Philip H. Johnson (Architect),1926,Entrances and walls,39.953075,-75.162260
City Hall Fountain,Vincent Kling/Kling Lindquist Partnership/KlingStubbins (Architects),1977,Plaza,39.952015,-75.164875
City Hall Gates,"John McArthur, Jr.",2015,Gates,39.952485,-75.164420
City Hall Plaque,American Society of Civil Engineers,2006,Wall,39.952335,-75.163170
"City Hall, East Pavilion",Alexander Milne Calder,1873,Part of the whole building's art,39.952300,-75.162800
"City Hall, North Pavilion",Alexander Milne Calder,1873,Part of the whole building's art,39.953000,-75.163400
"City Hall, South Pavilion",Alexander Milne Calder,1873,Part of the whole building's art,39.951825,-75.163650
"City Hall, West Pavilion",Alexander Milne Calder,1873,Part of the whole building's art,39.952495,-75.164450
City of Brotherly Love,Neon of Dallas,2019,Lobby,39.953140,-75.162120
The City of Philadelphia,American Society of Civil Engineers,1997,Mural/Public Art,39.957550,-75.171450
City Root,Keiko Miyamori,2004,Mural/Public Art,39.959195,-75.158170
City Seal,John Molitor (Architect),1925,Wall,39.956055,-75.161750
City Seal,Dexter Jones,1966,Entrance,39.953900,-75.164420
City Seals and Scales of Justice,Vitetta,1994,Walls just below the roof,39.953575,-75.161715
Civil War Sailors Memorial,Hermon Atkins MacNeil,1921,Mural/Public Art,39.959420,-75.172960
Civil War Soldiers and Sailors Monument,John Massey Rhind,1883,Mural/Public Art,40.034325,-75.172300
Civil War Soldiers and Sailors Monument,,1909,Mural/Public Art,39.985925,-75.215975
Civil War Soldiers Memorial,Hermon Atkins MacNeil,1921,Mural/Public Art,39.959650,-75.172650
Clark Park Urban Forest Inventory Frame,,2006,Mural/Public Art,39.949300,-75.209550
The Class of 1956 Trolley,Gomaco Trolley Company,2006,Entrance,39.951125,-75.196900
The Claw,,,Mural/Public Art,39.937510,-75.206685
Clef Club,Les Rosenwinkel (Architect),1995,Wall,39.941925,-75.166300
Clock,,2009,Mural/Public Art,39.955600,-75.180950
Clothespin,Claes Oldenburg,1976,Top of the concourse stairs,39.952400,-75.16570
Clousseau Rousseau,Patricia Ingersoll,2006,Mural/Public Art,,
Cobbs Creek Constellation,Elisabeth Nickles,2011,Whole structure,39.962700,-75.246765
Coinciding Currents,Beth Clevenstine,2016,Wall,40.028805,-75.230250
Collab 1,Bernard Brenner,1975,Mural/Public Art,39.960550,-75.142350
Colonial Scene,Harold Kimmelman,1975,Front wall,39.939325,-75.194375
Columbia Subway Plaza,Richard Fleischner,1986,Plaza,39.978900,-75.157000
Columbus Monument,Emanuele Caroni,1876,Mural/Public Art,39.915550,-75.172100
Columbus Monument,"Venturi, Scott Brown (and Rauch)",1992,Mural/Public Art,39.944650,-75.141500
Column and Capital,,1976,Mural/Public Art,39.951100,-75.191700
Column Court,"Lawrence D. McEwen, Architects",1997,Mural/Public Art,40.074650,-75.203700
Column Park,"McCloskey and Faber, P.C.",2013,Mural/Public Art,40.036925,-75.144300
Comcast Center Fountain,Laurie Olin,2008,Plaza,39.954325,-75.168600
Comcast Center Trellis,Laurie Olin,2008,Trellis,39.954275,-75.168600
Commerce Square Fountain,Laurie Olin,1992,Plaza,39.954200,-75.174100
Commerce Square Pylons,Stantec ViBE,2012,Entrance,39.953825,-75.174150
"Commodore John Barry, USN",Samuel Murray,1908,Mural/Public Art,39.948350,-75.150100
Commodore Uriah Phillips Levy,Gregory Pototsky,2011,Mural/Public Art,39.951325,-75.148400
Community College Lion,Randolph Rose,2024,Plaza,39.962040,-75.166615
Community Garden Gate,Greg Leavitt,1988,Gate,39.949450,-75.181300
Commuter Tunnel Mural,David Beck (Architect),1984,Tunnel walls,39.952500,-75.158150
Compass Rose,,2000,Plaza,39.952635,-75.168700
Concrete Tree,Paul Santoleri,2016,Wall,40.032225,-75.234565
Congregation Rodeph Shalom Entrance,Edward Paul  Simon (Architect),1927,Entrance,39.963825,-75.160900
Connections,Athena Tacha,1992,Mural/Public Art,39.961600,-75.168900
Construction #66,Jose de Rivera,1959,Mural/Public Art,39.952940,-75.195600
Construction for Outdoors #7,Stephen Porter,1987,Mural/Public Art,39.949200,-75.195480
Consultation,"J. Seward Johnson, Jr.",,Mural/Public Art,39.958150,-75.198750
Continental Army Encampment Memorial,,1895,Mural/Public Art,40.018450,-75.183115
Continental Olive,,2005,Wall,39.951750,-75.170450
Contrafuerte,Miguel Horn,2021,Bridge across the alley,39.953440,-75.160185
Convent of Divine Love,Paul Monaghan (Architect),1914,Whole building,39.965285,-75.174400
Convention Center Logo,,1993,Sidewalk,39.951965,-75.159311
Conwell Hall Gargoyles,William Harold Lee (Architect),1924,Both sides of the door,39.980350,-75.157285
Corinthian Column,Martin Architectural,1967,Mural/Public Art,39.958850,-75.175750
Corp. James J. Cochran VFW Post 251 Memorial,,,Mural/Public Art,39.959610,-75.195335
Corporal Michael J. Crescenz MOH,Chad Fisher,2016,Mural/Public Art,39.943735,-75.143100
Le Coureur,Germaine Richier,1954,Mural/Public Art,39.955525,-75.190200
Courtship,Henry Mitchell,1958,Plaza,39.965325,-75.180600
Covenant,Alexander Liberman,1974,Mural/Public Art,39.952700,-75.200600
Cowboy,Frederic Remington,1908,Mural/Public Art,39.977740,-75.193860
CRADLE,Diogo Machado (ADD FUEL),2023,East side of the East wall,39.950600,-75.159670
Creese Student Center Mosaic,,1962,Lower East wall,39.953450,-75.187950
Cresheim Valley Pergola,,1909,Pergola,40.066450,-75.196500
Cross,,,Mural/Public Art,,
Cross,Joseph C. Bailey,1973,Mural/Public Art,39.977875,-75.154060
Cross,,,Mural/Public Art,39.965925,-75.177200
Cross,,1969,Roof,39.955350,-75.196240
Cubus Assemblage,Theodore Miller,1979,On the wall,39.961060,-75.147400
Curtis Building,Horace Trumbauer (Architect),1931,Entrance,39.948625,-75.157800
Curve I,Ellsworth Kelly,1973,Mural/Public Art,39.966825,-75.181625
Daisy,Rebecca Hoenig,2006,Roof,40.074260,-75.202615
Dancing Children,Henry Mitchell,1968,Above the entrance,39.957965,-75.248125
Declaration of Independence,Tiequn Geng,2017,North wall,39.948500,-75.145750
Dedicated to the American Secretary,Costantino Nivola,1970,Plaza,39.950250,-75.148000
Deinonychus,Kent Ullberg,1987,Mural/Public Art,39.957200,-75.171125
Delancey,Joe Mooney,,Mural/Public Art,39.943850,-75.147650
Demeter and Poseidon,,,Wall,39.963540,-75.168850
Dewey's World,Paul Santoleri,2006,Walls,39.970200,-75.146675
Diamond Park,Charles Fahlen,1995,Mural/Public Art,39.985300,-75.162775
Dickens and Little Nell,Francis Edwin Elwell,1890,Mural/Public Art,39.948625,-75.209550
Diego de Gardoqui,Luis Sanguino,1977,Mural/Public Art,39.958185,-75.169225
Dilworth Park Fountain,KieranTimberlake,2014,Mural/Public Art,39.952800,-75.164700
Dilworth Plaza Fountain,Vincent Kling/Kling Lindquist Partnership/KlingStubbins (Architects),1977,Plaza,39.952700,-75.164710
Disc,Paul Sisko,1990,Mural/Public Art,40.082670,-75.219525
Do Good Things,,2015,Wall,39.968990,-75.178625
Dogs,Mark Chatterley,2016,Mural/Public Art,40.074110,-75.202835
Dolphin Play Fountain,Joseph C. Bailey,1976,Mural/Public Art,39.975300,-75.151225
Don Quijote de la Mancha,Joaquin Garcia Donaire,1966,Mural/Public Art,39.969790,-75.139610
Doorway to Imagination,Emilie Ledieu,2010,East Entrance,39.964775,-75.167550
Doorways to Peace,Joe Brenman,2004,Walls,39.973750,-75.141700
Double Figure Eight,Paul Sisko,1993,Mural/Public Art,39.956250,-75.189200
Doves,James Frost,1969,South wall,39.955025,-75.196310
Dr. Beukenkamp,T.J. Dixon,1998,Mural/Public Art,39.958225,-75.162600
Dr. Hideyo Noguchi,,1988,Mural/Public Art,,
Dr. J,Barney Bright,1987,Mural/Public Art,39.903900,-75.169800
The Dragons,Ward Tomlinson Elicker,2009,On top of the parking lot wall,39.953375,-75.154100
Dream of Sky,Timothy Duffield,1976,Mural/Public Art,39.956265,-75.196200
Dreamer (Yellow Snake),Isaiah Zagar,1999,Walls,39.942225,-75.155585
Drexel Book,Harold Kimmelman,1985,Walled garden,39.956805,-75.189875
Drexel Building,Charles Zeller Klauder (Architect),1928,Whole Building,39.949625,-75.165850
Drexel Clock,,,Courtyard,39.954700,-75.186100
Drexel University Main Building Entrance,New York Architectural Terra-Cotta Company,1891,Entrance,39.953850,-75.187000
Driftwood,Harold Kimmelman,1981,Mural/Public Art,39.944550,-75.147375
Drunken Satyr,,1905,Mural/Public Art,39.944300,-75.148100
Duck Girl,Paul Manship,1911,Mural/Public Art,39.949375,-75.171800
Duckrey School Mosaics,Barbara Gesshel,2005,South Entrances,39.985250,-75.159200
Dutch Settlements Plaque,,1909,Wall,39.951740,-75.163650
The Dying Lioness,Friedrich Wilhelm Wolff,1873,Mural/Public Art,39.974750,-75.195550
E.W. Clark Building Medallions,Clarence Zantzinger (Architect),1928,Walls,39.948650,-75.167675
Eagle,,1880,Roof,39.950430,-75.161040
Eagle,,2001,Wall,39.946950,-75.146290
Eagle,James Kiryakakis,1975,Gate,39.947900,-75.146350
Eagle,Claudius F. Le Grand and Sons,1797,Pediment,39.948050,-75.146250
Eagle,Rankin and Kellog (Architects),1933,Over the entrance,39.954390,-75.181950
Eagle,,1922,Tioga Station entrance,40.000140,-75.106450
Eagle,,1835,Gazebo roof,39.966970,-75.184625
Eagles,Adolph Alexander Weinman,1903,Bridge columns,39.954400,-75.181090
Earth and Moon,Ken Clark,1976,Mural/Public Art,40.091810,-75.020700
Earth Sculpture,Bernard Brenner,1967,Wall,40.008750,-75.098050
"Earth, Air, Fire, Water",Christopher T. Ray,1972,5 metal sculptured gates,39.944400,-75.144850
East Germantown World War Memorial,,1923,Mural/Public Art,40.052065,-75.157900
Eastwick Farmpark,Rosalie Sherman,1983,Mural/Public Art,39.89407,-75.246725
Ed Snider,Chad Fisher,2017,Mural/Public Art,39.902050,-75.172695
Edgar Fahs Smith,R. Tait McKenzie,1925,Mural/Public Art,39.951610,-75.192175
Eight Figures on a Piazza,Arlene Love,1986,Over the Spruce Street entrance,39.947000,-75.165525
Elemental Intervals,Bill Freeland,1986,On the wall,39.942960,-75.159500
Elfreth's Alley Sign,,,Mural/Public Art,39.952825,-75.143020
Eli Kirk Price Fountain,Augustus Ernest D'Ambly (Architect and Engineer),1969,Mural/Public Art,39.963900,-75.179625
Elk Head,Francis G. Caldwell (Architect),1904,Wall,39.954120,-75.161625
Ellen Phillips Samuel Memorial Fountain,Vincent Kling/Kling Lindquist Partnership/KlingStubbins (Architects),1969,Plaza,39.954250,-75.165650
Ellen's Bicycle,Isaiah Zagar,2011,Wall,39.943260,-75.162810
Eltanin,Bathsheba Grossman,1992,On top of the wall,39.952650,-75.189875
Emancipation Proclamation Fountain,Gerd Utescher,1964,Courtyard,39.952850,-75.165450
Engine 14 Gargoyles,John Molitor (Architect),1927,Front wall,40.017000,-75.081340
Engine Company 1 Memorial Plaque,,,Mural/Public Art,39.942290,-75.165525
Entrance Pillars,Darling Rosario,1995,Entrance posts,39.983225,-75.133850
Ericsson Fountain,"Charles L. Borie, Jr. (Architect)",1933,Mural/Public Art,39.964610,-75.178700
Ernesta Drinker Ballard Memorial,,2006,Mural/Public Art,39.965740,-75.183035
Eros/Psyche,Michael Nicholas Lekakis,1980,Mural/Public Art,39.947040,-75.155950
Estuary Gate,Christopher T. Ray,1979,Gate,39.951900,-75.169000
Eugene Ormandy,,1983,Wall,39.947385,-75.164450
Eve,Auguste Rodin,1881,East side of the front wall,39.961775,-75.173950
Evelyn Taylor Price Sundial,Beatrice Fenton,1947,Mural/Public Art,39.949735,-75.171420
Exploded Paradigm,Conrad Shawcross,2018,Lobby,39.954900,-75.169850
Ezekiel (Church of the Crucifixion),Isaiah Zagar,1998,Wall and gate,39.941670,-75.156160
F. H. Hill Company Eagles,Walter Ballinger/Ballinger Company (Architects),1937,Roof,39.963260,-75.169330
Face Fragment,Arlene Love,1975,Mural/Public Art,39.955900,-75.193150
Faces,John Torrey Windrim (Architect),1893,Both sides of the front door,39.947760,-75.170490
Falling Star Relief,Charles Madden,1983,Mural/Public Art,39.945050,-75.160250
Families,Evelyn Keyser,1976,Mural/Public Art,40.048100,-75.060990
Family,Timothy Duffield,1981,Mural/Public Art,39.953450,-75.170950
Family,Neil Lieberman,1970,Wall,39.922950,-75.157600
Family of Bears,Sherl Joseph Winter,1966,Mural/Public Art,39.944150,-75.148000
Family of Man,Costantino Nivola,1961,Walls,39.952375,-75.193750
Family of Turtles,Eric Berg,1989,Mural/Public Art,39.947550,-75.180050
Family Unity,Giuseppe Donato,1940,East pediment,39.959050,-75.169125
The Family,Harold Kimmelman,1982,Plaza/courtyard/walkway,39.925425,-75.150725
The Family,Charles Parks,1970,Mural/Public Art,39.966250,-75.148100
Farm Journal Building Entrance,Bunting and Shrigley (Architects),1912,Entrance,39.946375,-75.153550
Farmers and Mechanics Bank,William Struthers (Mason),1855,Front wall,39.949025,-75.148515
Fence,Greg Leavitt,,Fence,39.984300,-75.112775
Fence,,,Fence,39.944025,-75.148300
Fidelity Bank Building,Richard William Morton Keast (Architect),1928,Whole building,39.949675,-75.163925
Fidelity Mutual Building,Lee Lawrie,1926,The whole building,39.967490,-75.179490
Figuresphere II,Eric Berg,2002,Mural/Public Art,39.948500,-75.182000
The Final Farewell,Lorann Jacobs,2007,Mural/Public Art,39.945040,-75.143575
Finding Home,Kathryn Pannepacker,2011,Wall,39.951450,-75.161275
Fingerspan,Jody Pinto,1987,Bridge,40.046500,-75.211590
Fire,Robinson Fredenthal,1973,Plaza,39.951385,-75.160700
Fire Engine,Harold Kimmelman,1972,Front wall,40.040575,-75.030900
Fire Fighter Stephen Yale Memorial Plaque,,1992,West wall,40.044375,-75.144410
Fire Hat,Harold Kimmelman,1975,West wall,39.959575,-75.233050
Fire Rescue Scene of Infant,Rebecca Rose,1986,Front wall,39.922225,-75.153775
Firefighter Gargoyles,John Molitor (Architect),1925,Entrance,39.956050,-75.161750
Fireman Carrying A Hatchet,Dexter Jones,1967,Front wall,39.993635,-75.122870
Fireman Rescuing Woman,Gerd Utescher,1972,South facing wall,40.044265,-75.144380
Fireman's Hall Sign,,,South wall,39.953230,-75.142850
Firemen,Gerd Utescher,1964,Front wall,40.001275,-75.065950
Firemen in Action,Harold Kimmelman,1976,South wall,39.942075,-75.152400
First Baptist Entrance,Edgar Viguers Seeler (Architect),1899,Over the door,39.950540,-75.168875
First National Bank Building,O.W. Ketcham Terra Cotta Works,1928,Whole Building,39.949500,-75.166040
First Presbyterian,Henry Augustus Sims (Architect),1869,Whole building,39.950650,-75.175550
First Step,Ken Clark,1977,Mural/Public Art,40.080750,-74.989675
First Troop Helmet,,1900,Over the entrance,39.953190,-75.178130
Fish Cutouts,William Burke,1998,Mural/Public Art,40.007235,-75.192525
Fisher Fine Arts Library Gargoyles,Frank Furness (Architect),1891,On the walls,39.951700,-75.192975
Fisher-Bennett Gargoyles,Stewardson and Page (Architects),1925,Entrance,39.952585,-75.191295
Fishtown Hockey Rink Sign,,,Above the entrance,39.971855,-75.127660
Fiske Portal,Nicola D'Ascenzo Studios,1923,Entrance,39.948775,-75.168500
Fitler Square Fountain,,1976,Mural/Public Art,39.947600,-75.179800
Fitler Square Ram,Gerd Hesness,1982,Mural/Public Art,39.947550,-75.179500
Five Water Spouts and Lintel,,1100,Mural/Public Art,39.944250,-75.141550
Flame,Sherl Joseph Winter,1968,Mural/Public Art,39.958690,-75.189050
Fleisher Gates,Max Reese,,Gates,39.939275,-75.155410
Fleisher Window Grill,Max Reese,,Front wall,39.939090,-75.155050
Floating Figure,Gaston Lachaise,1927,Mural/Public Art,,
Floating World,Ava Blitz,1997,wall-mounted,39.956400,-75.194850
Florentine Lions,,1849,Mural/Public Art,39.982675,-75.222100
Flower (Iris),Rebecca Rose,1983,Mural/Public Art,39.965235,-75.225910
Flowered Arch,,1927,Entrance,39.952275,-75.174730
Flukes,Gordon Gund,2007,Mural/Public Art,39.967150,-75.182500
Foo Dogs,,2011,Bridge over I-676,39.957000,-75.155700
For God and Country,,1979,Mural/Public Art,39.949050,-75.200050
For Philadelphia,Jenny Holzer,2018,On the lobby ceiling,39.954900,-75.169775
For the Greater Glory of God,,1968,Wall,39.972300,-75.164500
Fountain,Christopher T. Ray,1983,Plaza,39.967850,-75.149200
Fountain of the Sea Horses,Vincenzo Pacetti,1791,Mural/Public Art,39.967555,-75.183650
Four Decorative Panels,Bernard Felch,1978,Walls,39.942950,-75.143725
Francisco de Miranda,Lorenzo Gonzalez,1977,Mural/Public Art,39.958945,-75.172675
Francisville,,,Mural/Public Art,39.971050,-75.167475
Frank Furness Gate,Frank Furness (Architect),1876,Gateway,39.995500,-75.191600
Frank Rizzo,Zenos Frudakis,1998,Steps,39.953725,-75.164500
Franklin Square Fountain,,1838,Mural/Public Art,39.955650,-75.150450
Franz Schubert,Henry Baerer,1891,Mural/Public Art,39.983550,-75.209125
Fred Shero,Chad Fisher,2014,Mural/Public Art,39.904535,-75.168850
Free Interpretation of Plant Forms,Harry Bertoia,1967,Mural/Public Art,40.082985,-75.220250
Free Rose Dinkins,Mary DeWitt,2003,Wall,39.954050,-75.210050
Freedom,Zenos Frudakis,2000,Wall,39.957975,-75.166000
Freedom Corner,James Dupree,1995,Plaza,40.030150,-75.16495
The Freedom Ring,Houston Conwill,1994,Plaza,39.961850,-75.167375
From River to Sea and Back,,2014,Mural/Public Art,39.932250,-75.140500
From Roots to Recovery,Emilie Ledieu,2008,Fence,39.962275,-75.200410
The Funder,Tonnie Jones,1971,Mural/Public Art,39.962800,-75.214900
Galapagos Tortoise,Eric Berg,1979,Mural/Public Art,39.941060,-75.158475
Gambol II: Mare and Foal,Robert David Lasus,1992,Mural/Public Art,39.982700,-75.213850
Gamekeeper's Night Dog,Victoria Davila,1989,Mural/Public Art,39.967200,-75.178900
Gargoyles,,,Entrance,39.941075,-75.144475
Gate,,,Gate,39.967975,-75.175648
Gate,Timothy Duffield,1989,Gate,39.943600,-75.156025
Gate,Greg Leavitt,1982,Either side of the entrance,39.941825,-75.171050
Gate and Gargoyles,Samuel Yellin,1912,Gate (and gargoyles),39.948150,-75.168350
Gatekeepers,Andrea Zemel,1997,Mural/Public Art,39.957350,-75.194225
Gates,,2007,Gates,39.965185,-75.171485
Gates,Richard Cramer,1979,Gates,39.943925,-75.158950
Gates and Grills,Albert Paley,1978,Gates and grills,39.941950,-75.144000
The Gates of Hell,Auguste Rodin,1880,Entrance,39.961850,-75.174050
Gazelle,,,Wall,39.950575,-75.162200
General Anthony Wayne,John Gregory,1937,Mural/Public Art,39.964750,-75.180950
General Casimir Pulaski,Sidney Waugh,1947,Mural/Public Art,39.966850,-75.182400
General Friedrich von Steuben,Warren Wheelock,1947,Mural/Public Art,39.967250,-75.182900
General Galusha Pennypacker,Charles Grafly,1934,Mural/Public Art,39.958515,-75.169675
General George G. Meade Public School Entrance,Irwin T. Catharine (Architect),1936,East entrance,39.978350,-75.164650
General George McClellan,Henry Jackson Ellicott,1891,Mural/Public Art,39.953250,-75.163650
General Nathanael Greene,Lewis Iselin,1960,Mural/Public Art,39.966835,-75.182925
General Richard Montgomery,J. Wallace Kelly,1946,Mural/Public Art,39.966650,-75.182675
General Tadeusz Kosciuszko,Marian Konieczny,1977,Mural/Public Art,39.956800,-75.169350
General Ulysses S. Grant,Daniel Chester French,1897,Mural/Public Art,39.980790,-75.197900
"Generative Luminance, Orders of Nature",Soo Sunny Park,2014,Interior,39.956790,-75.197675
George and Meta Conor-Wood Memorial,Ahron Ben-Shmuel,1942,Mural/Public Art,39.981375,-75.205825
George Washington,Joseph Alexis Bailly,1869,Mural/Public Art,39.949050,-75.150000
German Society Gate,,,Gate,39.961600,-75.149700
Ghost Structures,"Venturi, Scott Brown (and Rauch)",1976,Mural/Public Art,39.949650,-75.146525
Giant Frog,Cornelia Van Auken Chapin,1941,Mural/Public Art,39.949600,-75.171675
Giant Panda,Eric Berg,2007,Courtyard (Osler Circle),39.948075,-75.195275
"Giant Three-Way Plug, Scale A",Claes Oldenburg,1970,Mural/Public Art,39.966950,-75.181950
Gibbs Hall Garden Gate,,,Gate,40.019620,-75.192305
Gift,William G. Tucker,2005,Mural/Public Art,39.966950,-75.182275
Gift of the Winds,Joseph C. Bailey,1978,Mural/Public Art,39.950925,-75.147400
Gimbel Brothers Clock,,1927,Wall,39.949875,-75.155375
Giotto on Steroids,Isaiah Zagar,2012,Alley walls,39.942675,-75.158250
Giraffe,Harold Kimmelman,1973,Mural/Public Art,40.102750,-74.969450
Giraffe,Henry Mitchell,1955,Mural/Public Art,40.038910,-75.070400
Giraffes,Gecko Group,2013,Mural/Public Art,39.974775,-75.195125
Girard Avenue War Memorials,,2010,Mural/Public Art,39.974820,-75.186525
Girard Trust Building,"McKim, Mead and White (Architects)",1931,North wall,39.951565,-75.164240
Girard Trust Corn Exchange Bank,Allen Evans (Architect),1908,East pediment,39.951150,-75.164100
Girl with Basin,Edward Fenno Hoffman III,1960,Mural/Public Art,39.953000,-75.176400
Giuseppe Verdi,Ettore Ferrari,1907,Mural/Public Art,39.983100,-75.209500
Globe with Motor,,1983,Mural/Public Art,39.898750,-75.234000
Gloriously Freemasons,Isaiah Zagar,2005,East facing wall,39.942945,-75.161175
Glyph of Nature,Jeffrey Maron,1986,On the wall,39.956010,-75.194000
Goethe,Heinrich Manger,1890,Mural/Public Art,39.983725,-75.212010
Golazo,Baily Cypress,2010,Wall,40.021225,-75.216890
Golden Fleece Logo,,,East Entrance,39.950775,-75.165700
Golden Slippers,Harold Kimmelman,1973,Mural/Public Art,39.932750,-75.148000
Goniochome,Softlab,2019,Lobby,39.951600,-75.155300
Good Samaritan,,,Wall,39.945750,-75.155600
Government of the People,Jacques Lipchitz,1976,Plaza,39.953750,-75.163975
Gravestone of Monsignor Francis J. Ross,,1955,Gravestone,39.954915,-75.197800
Gray Manor Memorial,Joseph C. Bailey,1982,Mural/Public Art,39.976875,-75.148775
The Great Doctor,Waldemar Raemisch,1955,Mural/Public Art,39.974775,-75.203800
The Great Mother,Waldemar Raemisch,1955,Mural/Public Art,39.974750,-75.203650
Great Seals of Cities and States,Paul Philippe Cret (Architect),1926,Bridge anchorages,39.954225,-75.140300
Greek Revival Fence,John Haviland (Architect),1822,Gate and fence,39.946300,-75.154725
Green Man,Frank Furness (Architect),1883,Turret wall,39.951500,-75.175505
Green Man,Joseph A. Praissman (Architect),1967,Wall,39.943900,-75.153450
Greyhounds,,1988,Mural/Public Art,39.948910,-75.172900
Grizzly Bear,Eric Berg,1983,Mural/Public Art,39.947600,-75.180050
Grow Old Along With Me.  The Best is Yet to Be,Charles Parks,1996,Plaza,39.957325,-75.200700
Grumman Greenhouse,Jordan Griska,2011,Was on Lenfest Plaza,39.955400,-75.163725
Grumman Lunar Module,Grumman Spacecats,1976,Mural/Public Art,39.957760,-75.173795
Guardian Lions,,400,Mural/Public Art,39.949175,-75.191125
Guardians of Fire,Gerd Utescher,1964,Mural/Public Art,39.942290,-75.165525
Guglielmo Marconi,Giancarlo Saleppichi,1975,Mural/Public Art,39.915440,-75.171125
Guglielmo Marconi Tablet,,1955,Mural/Public Art,39.916150,-75.171700
Gulf Refinery Fire Memorial,,2007,Sidewalk,39.953290,-75.142910
Haas Biergarten Rabbits,Groundswell Design Group,2013,Shack roof,39.953510,-75.140400
Hairdressing Sign,,1887,Second floor bay,39.950945,-75.161585
Hallahan Logo,Walter Ballinger/Ballinger Company (Architects),1911,Mural/Public Art,39.959975,-75.170075
Hamilton Court Logos,Milligan and Webber (Architects),1901,Front walls,39.955165,-75.199200
Hamilton Court Sidewalk Lights,,2018,Sidewalk,39.955200,-75.199500
The Hand and Eye of God,J. Wallace Kelly,1959,Stair Posts,39.974550,-75.191400
Handshake,Magaziner & Eberhard (Architects),1934,Over the entrance,39.945250,-75.177775
Hard Rock Cafe Guitar,,1998,Above the entrance,39.952075,-75.159750
Harrowgate Park Civic Association Veterans Memorial,Amelie Zell Felton,1952,Mural/Public Art,39.999600,-75.106650
Hawthorne Center Hands,Lynn Denton,1997,East Wall,39.938350,-75.162925
Hawthorne Hall,Henry E. Flower (Architect),1895,On the walls,39.961450,-75.198875
Headhouse Square Fountain,,2009,Mural/Public Art,39.942040,-75.145490
Helios,William Daley,1972,Mural/Public Art,40.032735,-75.171350
Hemicycle Decorative Plaque,Alexander Kemp,1877,Front wall,39.955150,-75.163225
Henry C. Lea Building,Collins and Autenrieth (Architects),1901,Walls,39.949475,-75.153325
Henry Howard Houston,John Massey Rhind,1900,Mural/Public Art,40.032060,-75.187160
Henry Melchior Muhlenberg,J. Otto Schweizer,1917,Mural/Public Art,40.061775,-75.191925
Henry S. Frank Memorial Synagogue Entrance,Arnold W. Brunner (Architect),1901,Synagogue entrance,40.037050,-75.143800
Hephaestus,Robert David Lasus,1980,Mural/Public Art,40.061990,-75.050750
Hill Pavilion Fountain,,2006,Mural/Public Art,39.950200,-75.199900
Hip Hop Cafe,Isaiah Zagar,2002,Wall,39.940515,-75.150915
Hippo Head Fountain,,1976,Courtyard.,39.952425,-75.146290
Historical Society of Pennsylvania Entrance,,,Entrance,39.947910,-75.162700
History In Motion,Eric Okdeh,2004,Wall,39.969975,-75.141900
Hockley House Entrance,Frank Furness (Architect),1875,Entrance,39.949995,-75.175830
Holy Child Parish School,George Ignatius Lovatt Sr. (Architect),1909,Over and under the roof,40.032895,-75.146385
Holy Trinity Gargoyles,John Notman (Architect),1859,Side entrance,39.950400,-75.173325
Homage to Georgia O'Keeffe,Thom Cooney Crawford,1986,Mural/Public Art,39.951625,-75.198450
Home of Isaiah and Julia Zagar,Isaiah Zagar,1984,Wall,39.942450,-75.156401
Honickman Center Mobile,ennnead (Architect),2024,Interior,39.950385,-75.158800
Honickman Center South Wall,ennnead (Architect),2024,First floor windows,39.950360,-75.159090
Horace Jayne House Relief Panels,Karl Bitter,1895,Walls,39.947280,-75.173010
Horned Face,Bissel and Sinkler (Architects),1914,Entrance,39.952025,-75.194660
Horse Team and Pumper Making A Run,Harold Kimmelman,1978,Front wall,39.987575,-75.135825
Horses Drawing Fire Engine,John Godfrey,1964,Entrance,39.953700,-75.175525
Horwitz-Wasserman Holocaust Memorial Plaza,WRT,2018,Plaza,39.954925,-75.167200
Hose Team In Action,Harold Kimmelman,1971,On the wall,39.988900,-75.099975
House Post,,1850,Mural/Public Art,,
How to Retain Site Memory While Developing the Landscape,Winifred Lutz,1990,Courtyard Traffic Circle,39.962800,-75.171900
Humanity in Motion,Jonathan Borofsky,2007,Interior,39.954550,-75.168550
Hurry,William King,1980,Mural/Public Art,39.981500,-75.154200
I-95 Sound Barrier Reliefs,,,Wall,39.926400,-75.147200
I.M. Pei Sculpture Garden: A Tribute,Jill Sablosky,2003,Mural/Public Art,39.946000,-75.144850
Ice,Robinson Fredenthal,1973,In the concourse stairwell,39.951900,-75.161300
The Ideal Boy Scout,R. Tait McKenzie,1937,Mural/Public Art,39.958990,-75.175250
The Immigrant,Heinz Warneke,1933,Mural/Public Art,39.973800,-75.190925
Impalas and Lemurs,Gecko Group,2013,Mural/Public Art,39.974650,-75.197600
"In the Beginning, God...",,,Mural/Public Art,,
Indelible,Alison Sky,2003,South wall,39.950850,-75.150110
Independence Building Reliefs,,1925,"Entrance, North and West walls",39.947415,-75.149200
Independence Hall History,,,Carved into the sidewalk,39.949160,-75.149765
Indian Land Commemorative,Bob Haozous,1995,Mural/Public Art,39.966800,-75.129400
Insurance Company of North America Building,Stewardson and Page (Architects),1925,Part of the whole building's art,39.954775,-75.166585
Integrity Trust Company Classical Scene,Paul Philippe Cret (Architect),1924,Wall,39.949550,-75.153000
Interfaith House Gargoyles,,1930,In niches high on the front wall,40.035350,-75.175100
Interfaith Symbol,,2016,Mural/Public Art,39.955550,-75.198100
Irish Memorial,Glenna Goodacre,2002,Mural/Public Art,39.944500,-75.143825
Iroquois,Mark di Suvero,1983,Mural/Public Art,39.965050,-75.177800
Irvine Auditorium Gargoyles,Horace Trumbauer (Architect),1932,Wall,39.950700,-75.193225
Isadora,Joe Mooney,2001,Mural/Public Art,39.957240,-75.171600
Ivy Day Stones,,1936,West wall,39.950965,-75.193260
J. William White,Paul Philippe Cret (Architect),1922,Mural/Public Art,39.949240,-75.171690
James A. Garfield Monument,Augustus Saint-Gaudens,1895,Mural/Public Art,39.973900,-75.190550
James Bartram Nicholson,J. Otto Schweizer,1913,Mural/Public Art,39.997690,-75.181760
Japanese Lantern,,1705,Mural/Public Art,,
Jerusalem Stabile,Alexander Calder,1976,Mural/Public Art,39.952025,-75.192660
Jesus,,,Mural/Public Art,39.965350,-75.174500
Jesus,,2014,On top of the South wall,39.957215,-75.154300
"Jesus, The Bread of Life",Walter Erlebacher,1976,Mural/Public Art,39.957110,-75.168575
JFK Boulevard Bridge Sidewalk,"JMT (Johnson, Mirmiran and Thompson)",2009,Sidewalk,39.955450,-75.180700
Joan of Arc,Emmanuel Fremiet,1890,Mural/Public Art,39.966500,-75.179175
Joe Frazier Monument,Stephen Layne,2015,Mural/Public Art,39.904575,-75.168975
John B. Kelly,Harry Rosin,1965,Mural/Public Art,39.986050,-75.201800
John Christian Bullitt,John J. Boyle,1907,Mural/Public Art,39.953050,-75.163915
The John Hanson Monument,Carl Lindborg,1967,Mural/Public Art,39.934500,-75.143800
"John Harrison, Chemist",Lawrence Tenney Stevens,1932,Mural/Public Art,39.951150,-75.191685
John J. Carlin Tablet,,1968,Wall,39.985900,-75.201985
John Nepomucene Neumann,,1972,Mural/Public Art,39.957840,-75.168900
John Paul Jones,Walker Hancock,1957,Mural/Public Art,39.967050,-75.182625
"John Wanamaker, Citizen",John Massey Rhind,1923,Mural/Public Art,39.952650,-75.162750
John Wister,Raffaello Romanelli,1903,Mural/Public Art,40.035850,-75.176325
Johnnie Ring,Boris Blai,1958,Mural/Public Art,39.982575,-75.156525
Jonathan Netanyahu Memorial,Buky Schwartz,1986,Mural/Public Art,39.951115,-75.147760
Joseph Haydn,Idusch and Son,1906,Mural/Public Art,39.983040,-75.208625
Joseph Leidy,Samuel Murray,1907,Mural/Public Art,39.957200,-75.171300
The Journeyer,Lindsay Daen,1975,Mural/Public Art,39.983500,-75.209500
June 5th Memorial,Scott Aker,2018,Mural/Public Art,39.953675,-75.176600
Justice and Law,Donald De Lue,1940,North and South walls,39.949950,-75.155900
Justice the Guardian of Liberty,,1975,South wall,39.951000,-75.151300
Juvenile Protection,Louis Milione,1940,West pediment,39.959150,-75.169950
Kangaroos,Harold Kimmelman,1970,Mural/Public Art,39.944625,-75.149300
Kate Smith,Marc Mellon,1987,Mural/Public Art,39.903600,-75.170000
KCT Garden Fence,Philly Custom Metal Fab,2021,Fence,39.997400,-75.111950
Kelly Family Gates,Mark Lueders,2003,Gates,39.952800,-75.195000
Keys to Community,James Peniston,2007,On top of the wall,39.952415,-75.146300
King Solomon,Alexander Archipenko,1968,Mural/Public Art,39.952625,-75.194850
Kings,Robert Engman,1975,Mural/Public Art,39.903050,-75.243325
Koi,Juliet Whelan,2014,Bike rack,39.953815,-75.174220
Kopernik,Dudley Talcott,1972,Mural/Public Art,39.956800,-75.168525
The Laborer,Ahron Ben-Shmuel,1958,Mural/Public Art,39.974425,-75.191400
Labour Monument,John Kindness,2010,Mural/Public Art,39.913850,-75.237740
Lace Fence,Demakersvan,2009,Fence,40.022400,-75.194700
Lamps,Joel Schwartz,1986,Entrance,39.946250,-75.159600
Land Buoy,Jody Pinto,2014,Mural/Public Art,39.932300,-75.140400
Landscape Junk Assemblage,Tom Deininger,2011,Lobby,39.954850,-75.167800
Last Resting Place of Benjamin Franklin,,,Fencepost,39.952450,-75.148250
"Law, Prosperity, and Power",Daniel Chester French,1880,Mural/Public Art,39.984425,-75.223250
LAWN,,2019,Mural/Public Art,39.957310,-75.195685
Lenni Lenape,Joe Mooney,1988,Mural/Public Art,39.898425,-75.233325
Leviathan,Seymour Lipton,1963,Mural/Public Art,39.953225,-75.166075
Liber Libere Omnibus,"Charles L. Borie, Jr. (Architect)",1905,Wall,39.953810,-75.202580
Liberty Title Building Dragons,Savery and Scheetz (Architects),1929,Entrance,39.954465,-75.162790
Life Savers,Billie Lawless,1982,Mural/Public Art,39.951150,-75.199425
Lifelines,Barbara Grygutis,2006,Underground courtyard,39.953500,-75.166450
Light Fixtures,Gerald Allen,1984,Entrance,39.946785,-75.153700
Light Matrix,Leo Villareal,2015,Awning,39.956350,-75.194700
Lightning Bolts,Harold Kimmelman,1973,Courtyard,40.040100,-75.173035
Lily Composition #3,Anne Froehling,1993,Plaza,39.951440,-75.196300
Lin Zexu Memorial Statue,,2012,Bridge over I-676,39.956900,-75.155750
Lincoln the Lawyer,Emil Seletz,1968,Mural/Public Art,39.979890,-75.157350
Lines in Four Directions in Flowers,Sol LeWitt,2012,Mural/Public Art,39.967325,-75.183300
Linpro Building Fountain,WZMH Architects,1990,Wall,39.953875,-75.172250
Lion and Knight,,1800,Mural/Public Art,40.015710,-75.086650
Lion Crushing a Serpent,Antione Louis Barye,1832,Mural/Public Art,39.949650,-75.172050
The Lion Fighter,Albert Wolff,1858,Mural/Public Art,39.964575,-75.180100
Lion Head Trough,,1869,Mural/Public Art,39.946250,-75.152500
Lion's Head Fountain,Alexander Stirling Calder,1899,Upper (West) courtyard,39.949700,-75.191600
Lions,,1891,Mural/Public Art,39.983575,-75.208935
Lions,"John D. Battin, Jr.",1838,At the top of the two staircases,39.947125,-75.145775
Lions (Reading Terminal),Francis Hatch Kimball (Architect),1893,North Wall,39.953850,-75.159375
Lips,Franz West,2012,Mural/Public Art,39.967275,-75.181900
Living Flame Memorial,Reginald Beauchamp,1976,Mural/Public Art,39.955400,-75.149825
Locust Walk Compass,Robert Lundgren,1984,Intersection,39.952260,-75.197000
Looking-Glass,Robert Woodward  (aka Peanutbutter),2012,Downstairs,39.971620,-75.159815
LOVE,Robert Indiana,1976,Mural/Public Art,39.954150,-75.165500
LOVE,Robert Indiana,1966,Mural/Public Art,39.951825,-75.194875
Love Awaits You ,Terrance Woolford,2023,Interior,39.877060,-75.244150
Love Park Fountain,Hargreaves Jones,2018,Plaza,39.954260,-75.165660
Lovett Memorial Reading Garden Benches,Warren C. Holzman,2004,Mural/Public Art,40.056650,-75.187525
Magnolia Blossom,Harold Kimmelman,1969,Courtyard,40.045020,-75.170875
Mail Delivery,Edmond Amateis,1941,Wall,39.950550,-75.155400
Main Quad Fountain,Hargreaves Jones,2006,Quad,39.954775,-75.188375
Main Street Fire Station Lion Heads,John Molitor (Architect),1928,Front wall,40.026720,-75.226475
Maja,Gerhard Marcks,1942,Mural/Public Art,39.961250,-75.176020
Major,Charles Fahlen,1982,Mural/Public Art,39.947075,-75.154575
Major General George Gordon Meade,Alexander Milne Calder,1887,Mural/Public Art,39.981075,-75.208140
Major General John Fulton Reynolds,John Rogers,1883,Mural/Public Art,39.953225,-75.163250
Major General John Fulton Reynolds Memorial,,,Mural/Public Art,39.922610,-75.186710
Major General Peter Muhlenberg,J. Otto Schweizer,1910,Mural/Public Art,39.966600,-75.181950
Manayunk Stoops: Heart and Home,Diane Pieri,2006,Mural/Public Art,40.023820,-75.221710
Mangbusucks,,1695,Mural/Public Art,,
Manufacturers Club,,1911,South wall,39.949500,-75.164525
Marino Monument,Harold Kimmelman,1977,Courtyard,39.944320,-75.164010
Mario the Magnificent,Eric Berg,2002,Mural/Public Art,39.955400,-75.189325
Market Bridge Lights,GVA Lighting,2013,Bridge arches,39.954665,-75.180600
Market Street Bridge Carvings,Charles H. Stevens (Design Engineer),1932,Bridge columns and arches,39.954625,-75.180350
Marquee,Aaron Igler,2011,West side of the I-95 overpass,39.953750,-75.141600
Marquis de Lafayette,Raoul Josset,1947,Mural/Public Art,39.967025,-75.183200
Mary,,,Mural/Public Art,39.958125,-75.167450
Mary,,,Mural/Public Art,39.945650,-75.152025
Mary,,,Mural/Public Art,39.951380,-75.173380
Mary,,,Mural/Public Art,39.937500,-75.155430
Mary,,,Mural/Public Art,39.945800,-75.149665
Mary,,,Mural/Public Art,40.032445,-75.146460
Mary,,2021,Plaza,39.954850,-75.197815
Mary,,,Mural/Public Art,39.951300,-75.161275
Mary,,,Between the stairs,39.995350,-75.237950
Mary and Jesus,,,Mural/Public Art,39.971110,-75.217450
Mary and Jesus,,1897,Up on the wall,39.943750,-75.173075
Mary and Jesus with Angels,John Notman (Architect),1849,Wall,39.948735,-75.168200
Mary Dyer,Sylvia Shaw Judson,1960,Mural/Public Art,39.955650,-75.164900
Masnad,Bryan Hunt,1980,Mural/Public Art,39.952640,-75.199250
Masonic Temple Entrance,James H. Windrim (Architect),1868,Entrance,39.953675,-75.163145
Mather and Company Medallions,Charles Barton Keen (Architect),1917,Wall,39.946975,-75.145850
Matthias William Baldwin,Herbert Adams,1905,Mural/Public Art,39.953000,-75.163000
Mayan Game Group,Joyce de Guatemala,1981,Mural/Public Art,39.989725,-75.131900
McVeigh Children's Relief,Anthony Visco,1981,Mural/Public Art,40.000610,-75.121435
Medallions,Victoria Davila,1986,Wall,39.959450,-75.166750
The Medicine Man,Cyrus E. Dallin,1899,Mural/Public Art,39.992175,-75.189200
Meher,Khoren Der Harootian,1975,Mural/Public Art,39.966500,-75.179800
Memorial Gate,,1902,Gate,39.950800,-75.194475
Memorial to Enslaved People of African Descent in the United States of America,Emanuel Kelly (Architect),2010,Mural/Public Art,39.950300,-75.150050
The Men Can Pledge,Isaiah Zagar,2005,Wall,39.982775,-75.166400
Mercury,William Rush,1828,Pavilion roof,39.966085,-75.182900
Metamorphosis,Cheryl Levin,2006,Railroad crossing bridge,39.975050,-75.187225
Metamorphosis,Josh Sarantitis,2001,Wall,39.965450,-75.160025
Mike Schmidt,Zenos Frudakis,2004,Mural/Public Art,39.905000,-75.168150
Milkweed Pod,Clark B. Fitz-Gerald,1965,Courtyard,39.950300,-75.151400
Miller Tower Birds,EwingCole (Architects),2019,Wall,39.955700,-75.200835
Milord La Chamere,Jean Dubuffet,1973,Concourse level of the atrium,39.952100,-75.166200
The Miner,John B. Flannagan,1938,Mural/Public Art,39.973375,-75.190850
Mitosis,Clark B. Fitz-Gerald,1970,Mural/Public Art,39.903800,-75.243600
Mitten Hall,William Harold Lee (Architect),1931,West wall,39.981900,-75.156900
Momentum,Michael Speller,2012,Mural/Public Art,39.955950,-75.189600
Monet's Haystacks,Stuart Netsky,1991,"Inside South wall, 2nd floor",39.946520,-75.165575
Monster Capital Fountain,Peter Rockwell,1980,Mural/Public Art,39.948110,-75.183260
Monument in Waiting,Theaster Gates,2020,Mural/Public Art,39.954260,-75.188610
Monument to The Rising Sun,Alan Sonfist,1983,Wall,40.003350,-75.152150
Monument to the Six Million Jewish Martyrs,Nathan Rapoport,1964,Mural/Public Art,39.955035,-75.167100
Moore Residence,Wilson Eyre (Architect),1890,Front stairs and wall,39.948100,-75.163290
Moore Sign,Creative Communications Associates,2022,West wall,39.957380,-75.172290
Moose Head,,1914,Above the entrance,39.973800,-75.159175
Morgan's Jazz Night Club Sign,,,Front wall,40.037125,-75.175150
Morphic Opening,James Lloyd,1974,Mural/Public Art,39.956210,-75.195550
Morton McMichael,John H. Mahoney,1881,Mural/Public Art,39.973150,-75.189025
Mosaic Icons,,,Fence,39.963600,-75.191650
Mosaic Project,Mike Smash,2005,Gate,39.977550,-75.151000
Mother and Child (or See the Moon),Evelyn Keyser,1964,Mural/Public Art,39.928975,-75.168875
Mother Bethel Gargoyles,Hazlehurst and Huckel (Architects),1890,High on the walls,39.943375,-75.151850
Mother Bethel Plaque,,1901,Near the entrance,39.943375,-75.151935
The Mounted Amazon Attacked by a Panther,August Kiss,1839,Mural/Public Art,39.964950,-75.179650
Mr. Baseball,Harry Rosin,1957,Mural/Public Art,39.906160,-75.168450
Mt. Airy Learning Tree Mosaic,Jessica Gorlin-Liddell,2006,North wall,40.056950,-75.187850
Mummer,Ken Clark,1982,Mural/Public Art,39.927650,-75.151650
Mummers Museum Spire,Ueland and Junker (Architects),1976,Above the entrance,39.933584,-75.147465
Mustang at Play,Margaret Wasserman Levy,1969,Mural/Public Art,39.942900,-75.146200
MVP,Brian McCutcheon,2019,Mural/Public Art,39.925890,-75.187240
My Dog Blue,Isaiah Zagar,2012,Wall by the subway entrance,39.930315,-75.168615
N.W. Ayer Building,Ralph Bowden Bencker (Architect),1929,Doors and upper walls,39.947250,-75.153400
Nandi,,1500,Mural/Public Art,,
Napoli Pizza,Isaiah Zagar,2011,Walls,39.937140,-75.154880
National Shrine of Saint John Neumann Entrance Plaques,,1979,Either side of the entrance,39.97000,-75.144850
"Native Americans, Swedish Settlers and Eagles",Alexander Milne Calder,1894,Part of the whole building's art,39.952750,-75.163350
Navy Ships,Louis Eugene Jallade (Architect),1928,Entrance,39.955150,-75.164675
Ned Wolf Memorial,Peter Rockwell,1978,Mural/Public Art,40.030025,-75.187250
Negro Leagues Memorial,Phil Sumpter,2005,Mural/Public Art,39.977675,-75.213700
Neons for Buttonwood,Stephen Anotonakos,1990,Roof,39.962550,-75.171750
Nesaika,John Rhoden,1976,Mural/Public Art,39.953250,-75.151600
Newkirk Viaduct Monument,Thomas Ustick Walter,1839,Mural/Public Art,39.940010,-75.206330
Nexus,Scott Eunson,2016,Entrances,39.957060,-75.201725
Nicetown Park Tiles,,,Wall,40.019400,-75.155760
Night,Edward Stauch,1872,Mural/Public Art,39.982800,-75.210725
Northminster Presbyterian Lions,Thomas Webb Richards (Architect),1875,Entrance,39.961075,-75.192945
Northwestern National Bank Building,,1929,Southwest wall,39.967290,-75.160980
Nuevo Fuego/New Fire,Cesar Viveros,2006,Wall,39.969790,-75.140360
O'Connor Plaza Fountain,Sikora Wells Appel,2017,O'Connor Plaza,39.981390,-75.155690
Object for Expression,Warren C. Holzman,2012,Mural/Public Art,39.940650,-75.162700
"October 4, 1922 Fire Memorial Plaque",,2014,Wall,39.952420,-75.146375
Octopus Gate,Jason Roberts,2008,Gate,39.961275,-75.145940
Odyssey,Tony Rosenthal,1983,Mural/Public Art,39.955225,-75.152375
"Old Man, Young Man, The Future",Leonard Baskin,1966,Plaza,39.945225,-75.144875
Old St. Mary's Bench,,,Mural/Public Art,39.945375,-75.148475
On Lok House Gate,,1984,Gate,39.955925,-75.155650
One Logan Square Fountain,KPF (Architects),1983,Courtyard,39.956700,-75.170150
One Meridian Plaza Fire Memorial,,2009,Mural/Public Art,39.951565,-75.164500
One Plus Three,Ike Hay,1982,Wall,39.898750,-75.232350
Open Air Aquarium,Magdalena Abakanowicz,2003,Mural/Public Art,39.939200,-75.141975
Opposing Forces,Ellen Tiberino,2021,Inside,39.954225,-75.167400
Orball,Ken Clark,1976,Mural/Public Art,40.018850,-75.049050
Orestes and Pylades Fountain,Herman Kirn,1884,Mural/Public Art,39.981300,-75.189250
Origins I,Robert Sanabria,1980,Courtyard,40.034095,-75.163470
Otters,Henry Mitchell,1979,Mural/Public Art,39.947965,-75.157975
Our Lady of Fatima Pray for Us,,,Mural/Public Art,39.966370,-75.168885
Our Lady of Grace,George M. Kelly,,South entrance,39.958110,-75.161770
Outstretched Cherub,Frank Miles Day (Architect),1892,Above the entrance,39.947850,-75.161275
Overseas Motor Works,Samuel Brian Baylinson (Architect),1930,Building,39.967215,-75.162190
OY/YO,Deborah Kass,2022,Mural/Public Art,39.950400,-75.148840
Packard Building Gates,Samuel Yellin,1923,Gates,39.950950,-75.165360
Packard Building Sign,Samuel Yellin,1924,West Entrance,39.950650,-75.165650
Paint Torch,Claes Oldenburg,2011,Plaza,39.955350,-75.163200
Pan with Sundial,Beatrice Fenton,1938,Mural/Public Art,39.952385,-75.193500
Paper in Motion,Tony Trezza,1983,Mural/Public Art,39.902225,-75.232950
Papyrus ,Greg Leavitt,1985,Mural/Public Art,39.897150,-75.233700
Park Towne Place East Fountain,,,Plaza,39.960670,-75.176755
Park Towne Place West Fountain,,,Plaza,39.960640,-75.177490
Parkade on 8th,WRT,2015,Parking garage,39.953065,-75.153100
Partly Sunny,Carin Mincemoyer,2014,Bike rack,39.950310,-75.181810
Pastorius Monument,Albert Jaegers,1917,Mural/Public Art,40.036900,-75.176150
Patrick Ward Memorial Park,,,Mural/Public Art,39.968800,-75.176900
Paul J. Gutman Library Gargoyles,Syma,1992,Library walls,40.022375,-75.191350
Pay Attention,Bob Rivera,2003,Mural/Public Art,39.967515,-75.150000
Peace Fountain,,1865,Mural/Public Art,39.965380,-75.183075
Peace Memorial,Harold Kimmelman,1974,Mural/Public Art,40.005450,-75.076250
Peace Symbol,Robert Engman,1967,Mural/Public Art,39.952600,-75.194175
Peacock Light Rail Shelters,Suzanne Reese Horvitz,2002,Shelter,39.975025,-75.196500
Pefelice,William E. Lowenberg,1990,Mural/Public Art,40.026050,-75.225425
Pegasus,Vincenz Bildhauer Pilz,1863,Mural/Public Art,39.978935,-75.209500
Penn Athletic Club,Milton Bennett Medary (Architect),1925,West Wall,39.949300,-75.170750
Penn Dental Gargoyles,Cope and Stewardson (Architects),1915,Spruce and 40th St. walls,39.951865,-75.203150
Penn Mutual Building Doors,Robert Warren Noble (Architect),1931,Entrance,39.947525,-75.150250
Penn Presbyterian Park,,2022,Plaza,39.958250,-75.197900
Penn Quad Gargoyles,Cope and Stewardson (Architects),1894,Walls,39.950875,-75.197400
Penn Society Obelisk,,1827,Mural/Public Art,39.966700,-75.128150
Pennsylvania Academy of the Fine Arts Stonework,Frank Furness (Architect),1876,Front and side walls,39.955300,-75.163175
Pennsylvania Convention Center Lights,The Lighting Practice,2011,Main entrance,39.955325,-75.162740
Pennsylvania National Guard Monument,,1997,Mural/Public Art,39.941850,-75.141325
Pennsylvania Railroad Memorial Plaques,,,North Waiting Room,39.956205,-75.181755
Pennsylvania Railroad World War II Memorial,Walker Hancock,1950,East end of the main lobby,39.955655,-75.181400
People Pyramid,Evelyn Keyser,1971,Mural/Public Art,39.966075,-75.168750
Phaedrus,Beverly Pepper,1976,Mural/Public Art,39.953740,-75.149900
Phi Kappa Sigma Logo,Bissel and Sinkler (Architects),1911,Over the entrance,39.952110,-75.194775
Philadelphia and the Schuylkill River,Steve Sears of Sears IronWorks (Fabricator),1994,Mural/Public Art,39.965325,-75.183450
Philadelphia Beirut Memorial,Doug Corsini,1985,Mural/Public Art,39.944885,-75.142660
Philadelphia Books of Just Hours,Phillips Simkin,1995,Inside the corner column,39.953350,-75.162150
Philadelphia Building Chandelier,Warren Muller,2008,Interior,39.949425,-75.163050
Philadelphia Dance,Isaiah Zagar,2004,Wall,39.944150,-75.160400
Philadelphia Firsts,George Greenamyer,1998,Mural/Public Art,39.954900,-75.166100
Philadelphia General Hospital Plaque,,1924,Wall,39.949050,-75.196700
Philadelphia Korean War Memorial,Jirair Youssefian,2002,Mural/Public Art,39.944910,-75.143450
Philadelphia Maneto,,1905,Mural/Public Art,39.940650,-75.155100
Philadelphia Municipal Water System Plaque,American Society of Civil Engineers,1975,"West side, tower South entrance",39.952550,-75.163600
Philadelphia Physicians for Social Responsibility,Isaiah Zagar,1997,Wall,39.967840,-75.175400
Philadelphia School of Occupational Therapy Reliefs,Bissel and Sinkler (Architects),1930,Wall,39.945735,-75.173175
Philadelphia Vietnam Veterans Memorial,Perry M. Morgan,1987,Plaza,39.943910,-75.142825
Philadelphia's Magic Gardens,Isaiah Zagar,1994,Courtyard/garden,39.942825,-75.159400
Philadelphian Fountain,CBP Architects,2024,Steps,39.966510,-75.178150
Philbert the Pig,Eric Berg,1995,Inside,39.953400,-75.159025
Phoenix Above Maltese Cross,Sarala Ruth Pinto,1962,Front wall,39.932600,-75.163885
Phoenix Rising,Emlen Etting,1982,Mural/Public Art,39.945325,-75.144000
Phoenix Rising in Flames,Natalie Charkow Hollander,1976,Mural/Public Art,39.960560,-75.143025
Phoenixtree,Christopher T. Ray,1975,Mural/Public Art,39.958550,-75.199000
The Pilgrim,Augustus Saint-Gaudens,1904,Mural/Public Art,39.970100,-75.188660
Pillar,Leon Sitarchuk,1978,Mural/Public Art,39.942625,-75.154555
Pillar,Leon Sitarchuk,1978,Mural/Public Art,40.082990,-75.219805
Pineapple,Rankin and Kellog (Architects),1927,Over the entrance,39.951370,-75.168595
Pinky,Frederick Prescott,2021,Mural/Public Art,40.023380,-75.219995
Plan of the City of Philadelphia,,,Wall,39.949810,-75.161350
Plateau,Andrea Blum,2018,Mural/Public Art,39.952725,-75.202725
Play at Second Base,Joe Brown,1976,Mural/Public Art,39.905200,-75.170300
Playing Angels,Carl Milles,1950,Mural/Public Art,39.980225,-75.198840
The Ploughman,J. Wallace Kelly,1938,Mural/Public Art,39.973425,-75.190700
The Poet,Jose de Creeft,1954,Mural/Public Art,39.974350,-75.191425
The Point Where Things Change,Michael Grothusen,2001,Mural/Public Art,39.896650,-75.233150
The Point,Rebecca Rose,1985,High on the South wall,39.977350,-75.178325
Policeman and Children,Gerd Utescher,1971,Over the entrance,40.044220,-75.143750
Pompeian Dancing Satyr,,1904,Upper (West) courtyard,39.949630,-75.191610
Pony Express,,,Entrance,39.950950,-75.155300
Pony Express Rider,,,Over the door,39.949975,-75.156110
Pony Express Rider,Arlene Love,1981,Up on the wall,39.959600,-75.146800
Pope John Paul II,,1980,Mural/Public Art,39.958100,-75.170100
The Porch Fence,Groundswell Design Group,2015,Fence,39.954777,-75.182130
The Porch Swings,Bill Curran Design,2015,Mural/Public Art,39.954850,-75.182050
Port Richmond Firefighters Memorial,,2005,Mural/Public Art,39.988925,-75.099950
Powel Elementary School Mosaics,,1961,Entrance,39.960075,-75.193650
Powelton Village Playground Entrance,,2000,Entrance,39.960150,-75.192325
The Preacher,Waldemar Raemisch,1952,Mural/Public Art,39.974675,-75.191625
The Presbyterian Ministers Fund for Life Insurance,,1951,Above the entrance,39.950310,-75.171110
Pretzel,Warren C. Holzman,2004,Mural/Public Art,40.025650,-75.221325
The Pretzel,Peter Everett  Brown,2014,Bike rack,39.955175,-75.162850
Prometheus Strangling the Vulture,Jacques Lipchitz,1944,Front steps,39.965585,-75.180960
The Prophet,Jacob Lipkin,1974,Mural/Public Art,39.955225,-75.166575
PSFS Franklin Logo,George Howe (Architect),1924,Wall,39.925460,-75.169250
PSFS Sign,George Howe (Architect),1932,Roof,39.951800,-75.160150
PTC Bus No. 1312,ACF-Brill Motors Co.,1949,Interior,39.951800,-75.160825
PTC Trolley No. 2733,St. Louis Car Company,1947,Interior,39.951850,-75.160850
Public Ledger Building,Horace Trumbauer (Architect),1924,Entrances,39.949200,-75.150850
Puma,Eric Berg,1983,Mural/Public Art,39.963625,-75.187800
Puma,William Zorach,1954,Mural/Public Art,39.967750,-75.182950
Punter,Joe Brown,1976,Mural/Public Art,39.907575,-75.171500
The Puritan,Harry Rosin,1942,Mural/Public Art,39.972375,-75.190360
Pyramid,Ernest Shaw,1975,Mural/Public Art,39.949235,-75.195475
Pyramid (Philadelphia),Sol LeWitt,2010,Mural/Public Art,39.967150,-75.182350
Pyramid Lights,,2008,Mural/Public Art,39.955000,-75.187100
Quadrature #1,Robert Engman,1977,Courtyard,39.950150,-75.194900
Quaker City National Bank Entrance,Willis Gaylord Hale (Architect),1888,Entrance,39.949570,-75.153120
The Quaker,Harry Rosin,1942,Mural/Public Art,39.972525,-75.190360
Quiet Vigil,Bernard Brenner,1979,Mural/Public Art,40.064155,-75.238245
Race Street Connector,Field Operations,2011,Under the 1-95 overpass,39.953670,-75.140950
Ram Country,James Marsico,2007,Mural/Public Art,40.022950,-75.194125
Ram Heads and Griffins,Walter Ballinger/Ballinger Company (Architects),1924,Entrance,39.947700,-75.172760
Ramonita G. de Rodriguez Library Fascia,"Joseph J. Greenberg, Jr.",1968,Fascia,39.970200,-75.146650
Raven,David Caccia,1979,Mural/Public Art,39.961975,-75.149900
Re:flection,Jefre,2010,Mural/Public Art,39.959700,-75.196800
Reading Terminal Market Signs,,2012,West and North walls,39.953600,-75.159450
Rebecca at the Well,John J. Boyle,1908,Mural/Public Art,39.983625,-75.208700
Recovering World,Lynn Denton,2001,Partially on the wall,39.984550,-75.166725
Red Owl,Beniamino Bufano,1988,Mural/Public Art,39.981000,-75.155400
Refractive Light Spine,James Carpenter,1988,Over the entrance,39.956050,-75.194800
Regarding the Delaware,Carin Mincemoyer,2022,Lederer Pool fence,39.972220,-75.127475
Religious Liberty,Moses Jacob Ezekiel,1876,Mural/Public Art,39.950350,-75.148825
Remember Me,,2020,Attached to the fence,40.026700,-75.226900
Reproduction of parts of the Chateau d'Issy,Pierre Bullet (Architect),1929,Entrance,39.961600,-75.174400
Rev. Dr. John Witherspoon,Joseph Alexis Bailly,1876,Mural/Public Art,39.984050,-75.208900
"Rev. Dr. Martin Luther King, Jr. Memorial",Rebecca Rose,2009,Mural/Public Art,39.962975,-75.202260
The Revolutionary Soldier,Erwin Frey,1942,Mural/Public Art,39.972675,-75.190450
Richard Allen,Fern Cunningham-Terry,2016,Mural/Public Art,39.943115,-75.151985
Riders,William Daniel Travis,2012,Platform,39.951950,-75.160700
Rittenhouse Coffee Shop Decorations,,1855,Wall,39.951125,-75.172625
Rittenhouse Square Fountain,Paul Philippe Cret (Architect),1913,Mural/Public Art,39.949290,-75.171740
Rittenhouse Square Gates,Eric Berg,2010,Gardner shed gates,39.949250,-75.172725
Ritz Carlton Residence Fountain,Handel Architects,2009,Wall,39.951325,-75.164650
Ritz Screen,William Daley,1978,East wall,39.946550,-75.145300
River of Life,Masayuki Nagase,2014,Multi-level plaza,40.023810,-75.222675
Riverwalk,Andrew Leicester,1990,Mural/Public Art,39.950125,-75.140500
Road Race (Aluminum Bikes),Artesano Iron Works,2021,Wall,40.022275,-75.218080
Robert Morris,Paul Wayland Bartlett,1925,Mural/Public Art,39.947700,-75.148600
The Robert Morris Entrance,Walter Ballinger/Ballinger Company (Architects),1922,Entrance,39.955125,-75.168200
Robert Porter Memorial Plaque,,2007,Sidewalk,39.956877,-75.198700
Roberto Clemente,Phil Sumpter,1997,Courtyard,40.006575,-75.130000
Robin Roberts,Zenos Frudakis,2004,Mural/Public Art,39.904900,-75.165850
Rock Chair,Scott Burton,1981,Mural/Public Art,39.967175,-75.181450
Rock Form (Porthcurno),Barbara Hepworth,1964,Mural/Public Art,39.955800,-75.167400
Rocky,A. Thomas Schomberg,1980,Mural/Public Art,39.965125,-75.179300
Rocky Footprints,,1993,Top of the steps,39.965115,-75.180320
Rodin Museum Fountain,Paul Philippe Cret (Architect),1929,Mural/Public Art,39.961750,-75.174150
Roll of Honor,,1956,Courtyard (Southeast corner),39.952250,-75.163325
Roosevelt Apartments Entrance,Joseph Margolis (Architect),1927,Entrance,39.951020,-75.178310
Rose and the Firefighters,Isaiah Zagar,1995,Walls,39.942600,-75.159190
Rose Gate,,,Entrance,39.943375,-75.145050
The Roundabout,Alice Adams,1992,Plaza,39.947650,-75.157350
Roy G. Biv,Klip Collective,2022,Wall,39.950030,-75.162887
Royal Coat of Arms of the United Kingdom,,1924,Entrance,39.947320,-75.148480
Running Free,Henry Mitchell,1971,Mural/Public Art,39.956450,-75.190025
The Running of the Salmon,Robert Phillips,,Over the door,,
Russell Conwell,Boris Blai,1968,Conwell's burial site,39.981350,-75.155700
Rustic Pavilion,,2007,Mural/Public Art,39.965550,-75.182975
Sacred Heart of Jesus,Joseph Sibbel,1915,Over the North door,39.957575,-75.169010
Sagg Main Street,Kenneth Snelson,1966,Mural/Public Art,,
Saint Fiacre,Henry Mitchell,,Mural/Public Art,39.949950,-75.151650
Saint Francis of Assisi,,,Mural/Public Art,39.957310,-75.155325
Saint Francis of Assisi,,,Mural/Public Art,39.956250,-75.173125
Saint Hedwig,,,Mural/Public Art,39.965710,-75.177200
Saint Hubert,,,Mural/Public Art,40.030840,-75.034300
Saint James,,1887,Niche above the entrance arch,39.955000,-75.198250
Saint Joseph's University Hawks,,,Parking lot entrance posts,39.996650,-75.235800
Saint Mark's Gargoyles,John Notman (Architect),1849,Walls,39.948825,-75.168350
Saint Nicholas Church,,1976,Entrance and steeple,39.972075,-75.176360
Saint Paul,Joseph Sibbel,1915,South end of the front wall,39.957350,-75.169010
Saint Peter,Joseph Sibbel,1915,North end of the front wall,39.957650,-75.169010
Saint Vincent de Paul,,,Mural/Public Art,40.038200,-75.174390
Saint Vincent de Paul,,1868,Above the entrance,40.042675,-75.167425
Samuel D. Gross,Alexander Stirling Calder,1897,Mural/Public Art,39.948060,-75.158275
Satterlee General Hospital Marker,,1915,Mural/Public Art,39.949300,-75.210330
Schell Street Cosmos,Lynn Denton,2015,Wall,39.942330,-75.156740
Schell Street Walls,Isaiah Zagar,1996,Walls,39.942075,-75.156765
Schiller,Heinrich Manger,1885,Mural/Public Art,39.982750,-75.211800
Schuylkill Avenue Viaduct Decorative Barriers,,2021,Fence,39.952375,-75.182415
Schuylkill Banks Boardwalk Signs,,2014,Mural/Public Art,39.948100,-75.184675
"The Schuylkill Chained, The Schuylkill Freed",William Rush,1825,Roofs,39.966350,-75.183600
Schuylkill Navy War Memorial,,1950,Wall,39.985540,-75.202425
Schuylkill Permanent Bridge,,1932,Bridge column,39.954350,-75.180430
Science Leadership Academy Mosaics,,2006,North wall,39.955950,-75.175875
Science Leadership Academy Sign,,2006,Wall,39.955930,-75.176175
The Scientist,Khoren Der Harootian,1955,Mural/Public Art,39.974610,-75.191475
Score!,Gil Whitman,1976,Mural/Public Art,39.903800,-75.169900
Scottish Memorial,Terry Jones,2011,Mural/Public Art,39.944475,-75.143550
Scottish Rite Emblems,,1927,Front wall,39.942050,-75.168410
The Sculptural Installation for the 40th Street Corridor,Sandra Webberking,2013,Mural/Public Art,39.959075,-75.201855
Sculpture Garden Wall Fountain,Laurie Olin,2009,Wall,39.967375,-75.182650
The Seed,Christopher T. Ray,1976,Entrance,39.951175,-75.147550
SEPTA Towers,Gordon Heuther,2001,Roof and interior,40.023025,-75.077725
September 11 Memorial Labyrinth,,2006,Mural/Public Art,40.017900,-75.193400
"September 11, 2001 Memorial",Sikora Wells Appel,2012,Mural/Public Art,39.952750,-75.180350
Settling of the Seaboard,Wheeler Williams,1942,Mural/Public Art,39.972440,-75.190360
The Shade,Auguste Rodin,1881,East side of the gateway wall,39.961525,-75.174300
Shakespeare Memorial,Alexander Stirling Calder,1926,Mural/Public Art,39.958750,-75.171200
Shells,,2010,Either side of the East entrance,39.956600,-75.170950
Shimmer Wall,Ned Kahn,2013,South Wall,39.957660,-75.173060
Shofuso Japanese Lanterns,,,Mural/Public Art,39.981200,-75.212800
Shongun XXII,Ernest Shaw,1978,Mural/Public Art,39.952175,-75.203150
Sidewalk Symbols,,2023,Sidewalk,39.955610,-75.202575
The Sign Boy,Tom Miles,1994,Mural/Public Art,39.951485,-75.162725
The Signer,EvAngelos W. Frudakis,1980,Mural/Public Art,39.948825,-75.149000
Signers Walk,Franklin Mint,1975,Sidewalk,39.949260,-75.151575
Silas Weir Mitchell,Paul Philippe Cret (Architect),1929,Wall,39.949650,-75.167150
Silenus and the Infant Bacchus,Praxiteles,1885,Mural/Public Art,39.968730,-75.182725
The Singing Fountain,,2004,Mural/Public Art,39.929900,-75.163210
Sister Cities Fountain,Bryan Hanes,2012,Plaza,39.957610,-75.169325
Six in a Series of Tubular Forms,Paul Sisko,1979,Mural/Public Art,39.981465,-75.153000
Six Triangles,Ephraim Peleg,1979,Plaza,39.949025,-75.196700
Skin of the Bride,Isaiah Zagar,1991,Walls,39.955725,-75.143950
The Slave,Helene Sardeau,1940,Mural/Public Art,39.973775,-75.191060
Smashing Barriers,Steve Tobin,2006,Courtyard,40.012660,-75.202720
Smith Memorial Arch,Herbert Adams,1897,Mural/Public Art,39.977450,-75.206500
Social Consciousness,Jacob Epstein,1954,Mural/Public Art,39.952600,-75.194475
Society Hill Towers Fountain,I. M. Pei (Architect),1966,Courtyard/plaza,39.945450,-75.144700
Solidarity,,,Front wall,39.951660,-75.171100
South Street Laundromat Patio,Isaiah Zagar,2001,Walls,39.942350,-75.156660
Spanning the Continent,Robert Laurent,1937,Mural/Public Art,39.973275,-75.190700
Spectral Grove,Softlab,2019,Mural/Public Art,39.956560,-75.195915
Spheres,,300,Mural/Public Art,,
Spiral,Collin Robinson,2014,Bike rack,39.967625,-75.179675
Spiral Ears,Ming Fay,1995,Over the stairs behind security,39.953325,-75.161600
Spirit of '61,Henry Kirke Bush-Brown,1911,Mural/Public Art,39.949800,-75.164400
The Spirit of Enterprise,Jacques Lipchitz,1958,Mural/Public Art,39.973600,-75.190875
The Spirit of Girard,Bruno Lucchesi,2000,Mural/Public Art,39.973400,-75.170225
Spirit of Transportation,Karl Bitter,1895,North Waiting Room,39.956140,-75.182025
Split Button,Claes Oldenburg,1981,Mural/Public Art,39.952210,-75.193700
Spring & Triangle,Dina Wind,2016,Mural/Public Art,40.082700,-75.220150
Spring Garden Connector,Cloud Geshen,2016,Underneath the I95 bridge,39.960515,-75.140375
Spring Garden Farmers Market Sign,Frank Rushmore Watson (Architect),1889,Pediment,39.961520,-75.155360
Spring Garden School Entrance,Irwin T. Catharine (Architect),1931,Entrance,39.965100,-75.155850
Spring Garden Street - West River Drive Bridges,,1965,Bridge wall,39.964550,-75.182500
Spring Gardens Fence,,2001,Fence and gates,39.966200,-75.168750
St. Andrew's Episcopal Gargoyles,Wilson Brothers and Company (Architects),1883,South and East walls,39.960600,-75.194050
St. Andrew's Society Tablet,,1926,Courtyard wall,39.952120,-75.163700
St. Anthony Club Cherubs,Wilson Eyre (Architect),1888,Wall,39.952900,-75.177050
St. Augustine and St. Patrick,George Ignatius Lovatt Sr. (Architect),1907,Front wall,39.936300,-75.167350
St. Clement's Parish House Anchor,Horace Wells Sellers (Architect),1906,Front wall,39.956550,-75.173230
St. Elizabeth Catholic Church Crucifixion,,1993,Mural/Public Art,39.956950,-75.167700
St. Francis de Sales Catholic Church,Henry Dandurand Dagit (Architect),1907,Whole building,39.947150,-75.215194
St. George and the Dragon,Elkington and Company,1877,Mural/Public Art,39.983050,-75.205900
St. John Baptist de La Salle,,1956,Mural/Public Art,40.039040,-75.153290
St. John the Evangelist Catholic Church,Frank Rushmore Watson (Architect),1902,Entrance pillars,39.951275,-75.161510
St. John's Fire Memorial,,2011,Sidewalk,39.951375,-75.161500
St. Joseph and Jesus,,,St. Joe's Hospital Courtyard,39.971800,-75.163300
St. Joseph the Worker,Maurice Lowe,1967,Mural/Public Art,39.995600,-75.238125
St. Maron Church Cross and Mosaics,,1907,Front wall and entrance,39.935750,-75.160260
St. Martin's College for Indigent Boys Medallion,"Louis Carter Baker, Jr. (Architect)",1906,Over the college entrance,39.939090,-75.155225
St. Mary's School Doors,,1970,North entrance,39.946080,-75.149510
St. Mary's School Sign,,1970,West wall,39.945960,-75.149725
St. Matthew's Chapel Entrance,Isaac Pursell (Architect),1889,Chapel entrance,39.964605,-75.161525
St. Paul's Episcopal Church,,1928,Whole building.,40.079100,-75.208850
St. Rita of Cascia Medallion,,1907,Top of the alley gate,39.936225,-75.167400
St. Rita of Cascia Statue,,1970,Mural/Public Art,39.936100,-75.167400
St. Stephen Community House,,1923,South wall,39.950700,-75.156350
St. Vincent de Paul Parish Hall Eagle,,1851,West wall,40.038350,-75.174350
Stack of Books With People,,,Mural/Public Art,40.022550,-75.192750
Stack of Checkers,Charles Fahlen,1983,Building entrance overhang,39.931300,-75.162250
Starman in the Ancient Garden,Brower Hatcher,1990,Plaza,39.948150,-75.155550
State Shields,Louis Milione,1940,Wall,39.950550,-75.155400
The Statesman,Erwin Frey,1942,Mural/Public Art,39.972800,-75.190490
Station no. 6 - Celebration of Water,Ellen Fletcher,1989,Mural/Public Art,39.964950,-75.183300
Steel Woman II,Thomas Schutte,1999,Mural/Public Art,39.967150,-75.181425
Stele of S'akya-muni,,,Mural/Public Art,,
Stephen Girard,John Massey Rhind,1897,Mural/Public Art,39.966350,-75.182350
Stephen Girard,Alfred Seebode,1990,Mural/Public Art,39.920540,-75.18315
Stephen Girard Building Caryatid Columns,James H. Windrim (Architect),1896,"West wall, 2nd floor",39.951025,-75.160000
Steps (Philadelphia),Sol LeWitt,2010,Mural/Public Art,39.967100,-75.182300
Steve Carlton,Zenos Frudakis,2004,Mural/Public Art,39.906990,-75.167790
stikman (20th and Parkway),stikman,,Crosswalk,39.958715,-75.172123
stikman (25th and Pennsylvania NW),stikman,,West of the crosswalk,39.966850,-75.178900
stikman (25th and Pennsylvania SE),stikman,,Crosswalk,39.966475,-75.178900
stikman (Kelly Drive and Fairmount),stikman,,Crosswalk,39.967210,-75.180510
stikman (Pennsylvania and Fairmount),stikman,,Mural/Public Art,39.967340,-75.179260
stikman (Race and Logan Circle),stikman,,Crosswalk,39.957465,-75.171365
stikmen (22nd and Parkway),stikman,,Crosswalk,39.961665,-75.17500
stikmen (25th and Kelly Drive),stikman,,Crosswalk,39.966450,-75.179535
Stinger,John Parker,2005,Mural/Public Art,39.961020,-75.177810
Stone Age In America,John J. Boyle,1887,Mural/Public Art,39.971975,-75.190250
Stotesbury Mansion Entrance,Wilson Eyre (Architect),1870,Entrance,39.950580,-75.173500
Strawbridge and Clothier Building West Entrance,Edward Paul  Simon (Architect),1931,Above the entrance,39.951400,-75.154575
Striding Man,Bernard Brenner,1976,Mural/Public Art,39.902700,-75.241025
Striving,Charles Searles,1995,Mural/Public Art,39.956890,-75.198600
Stroll,William King,1995,South Street Footbridge,39.940850,-75.143150
The Study at University City,Shelly Bradbury,2016,Mural/Public Art,39.954510,-75.189820
Subject/Object Memory,Lauren Ewing,1990,Mural/Public Art,39.899475,-75.239700
Suburban Station,Isaiah Zagar,2012,Inside,39.954275,-75.168075
Suburban Station Clock,,1930,16th Street entrance,39.954150,-75.166750
The Summer Winter Community Garden Arch,,,Mural/Public Art,39.959000,-75.189000
Summer Winter Community Garden Mosaic,,,Mural/Public Art,39.958950,-75.189050
Sun Arc,Gary Weisman,1991,Plaza,39.926175,-75.163700
Sun Ra,Josey Stamm,2000,Retaining wall,40.036240,-75.177025
Sundial,Alexander Stirling Calder,1903,Mural/Public Art,39.983175,-75.212650
Susan Ann Detscher Pizzano Fountain Plaza,Jonathan Alderson,2002,Plaza,40.077500,-75.209000
Suzanne Roberts Theatre Sign,Zahner,2007,Entrance,39.944850,-75.165450
Swain House Busts,William H. Decker (Architect),1893,Walls,39.955700,-75.201350
Swann Memorial Fountain,Alexander Stirling Calder,1924,Mural/Public Art,39.957900,-75.170600
Swedish Settlements Plaque,,1909,Wall,39.951735,-75.163725
Symbiosis,Roxy Paine,2011,Mural/Public Art,39.965400,-75.178100
Synergy,Albert Paley,1987,Entrance (after the fact),39.962500,-75.168100
Tabernacle Presbyterian Church,Theophilus Parsons Chandler Jr.  (Architect),1884,North and East sides,39.954500,-75.196800
Tabernacle United Church Signs,Lynn Denton,1999,Mural/Public Art,39.954800,-75.196650
The Tableau,,1986,Mural/Public Art,39.951300,-75.161300
Tackle,Joe Brown,1976,Mural/Public Art,39.905440,-75.172125
Taller Puertorriqueno Community Garden,,,Mural/Public Art,39.992660,-75.140000
Taller Puertorriqueno Mosaic,Joe Brenman,2000,Wall,39.990375,-75.140475
Tamanend,Raymond Sandoval,1994,Mural/Public Art,39.949735,-75.142000
Tedyuscung,John Massey Rhind,1902,Mural/Public Art,40.068234,-75.220326
Temple Gates,,1929,Gates,39.981650,-75.156900
Temple Owl,John  J. Giannotti,2017,O'Connor Plaza,39.981455,-75.155755
Tension/Compression,Christopher T. Ray,1983,Wall,39.944800,-75.174260
Tetrahedron Kite,David Caccia,1976,On a wall,39.959560,-75.143520
Tezzi-Reitz Veterans Memorial,,1955,Mural/Public Art,39.983275,-75.115515
The Thinker,Auguste Rodin,1904,Mural/Public Art,39.961510,-75.174535
Thirteen into One,Harold Kimmelman,1977,Mural/Public Art,39.950825,-75.146300
This Is The Day,Isaiah Zagar,2009,Wall,39.972175,-75.175850
"This Is The Day, Jesus Journey",Isaiah Zagar,2006,On the wall,39.942810,-75.159650
Thomas Fitzsimons,Giuseppe Donato,1946,Mural/Public Art,39.958000,-75.169290
Thomas Jefferson,Lloyd Lillie,1975,Mural/Public Art,39.947380,-75.158400
Thomas Jefferson University,Tobi Kahn,2022,Mural/Public Art,40.021005,-75.192460
Thomas Sovereign Gates,Evelyn Beatrice Longman Batchelder,1941,Niche in the wall,39.950500,-75.194350
Thorfinn Karlsefni,Einar Jonsson,1918,Mural/Public Art,39.970190,-75.190050
Three Bar Russian Cross,,1957,Over the entrance,39.964300,-75.170975
Three Bears,George Papashvily,1966,Courtyard,40.076700,-75.081750
Three Boys at Play,Harold Kimmelman,1970,Wall,39.942750,-75.152525
"Three Disks, One Lacking",Alexander Calder,1968,Mural/Public Art,39.955740,-75.167225
Three Figures,Joseph C. Bailey,1984,Courtyard,39.964250,-75.154150
The Three Shades,Auguste Rodin,1886,Mural/Public Art,39.962050,-75.174150
Three Way Piece Number 1: Points,Henry Moore,1964,Mural/Public Art,39.955540,-75.166850
threshold object,Kennedy and Violich Architecture,2012,Sunshade wall,39.953785,-75.192870
"Thunderbolt Jaxon, Master of Might and Magic",Isaiah Zagar,2002,Wall,39.930850,-75.161175
Tierra,Sidney Goodman,1990,Mural/Public Art,40.082550,-75.219700
Tiffany Atlas Clock,Henry Frederick Metzler,1853,Above the entrance,39.949385,-75.165200
Tiger at Bay,Albino Manca,1965,Mural/Public Art,39.968425,-75.182165
Together Family,Ken Clark,1977,Hanging from the top of the wall,40.057460,-75.188050
Toleration,Herman Kirn,1883,Mural/Public Art,40.035335,-75.199700
Tom Foglietta,Zenos Frudakis,2000,Mural/Public Art,39.947250,-75.152000
Tools of the Trade,Virginia Maksymowicz,2022,North Waiting Room,39.956030,-75.181675
Total Environment,Barbara Neijna,1986,Plaza,39.946125,-75.151000
Towne Building Face,Cope and Stewardson (Architects),1906,Entrance,39.951550,-75.190450
Transportation,Charles Parks,1969,Mural/Public Art,39.915675,-75.223425
Tree of Life,Gerd Utescher,1977,Entrance,39.954700,-75.153040
Triad,Ephraim Peleg,1981,Mural/Public Art,39.983500,-75.156200
The Triangle Fire,Frank Bramblett,1983,South wall of the overhang,39.949475,-75.147250
Tribute to Alex Scott,Robert Minervini,2007,Fence,39.968040,-75.210450
Tribute to Nursing,Cathy Hopkins,1989,Mural/Public Art,39.958740,-75.199000
Tribute Trees Tablet,Paul Philippe Cret (Architect),1924,Mural/Public Art,39.957640,-75.170185
Trilladelphia,,2016,Wall,39.955000,-75.176480
Trinity Memorial Gargoyles,James Peacock Sims,1875,Walls,39.948550,-75.177975
Triton Fountain,Donald De Lue,1941,Courtyard,39.950365,-75.156190
The Triune,Robert Engman,1974,Mural/Public Art,39.951800,-75.165325
Trust Deli Tree of Life,,2001,Wall,39.970260,-75.179800
Tuning Fork,Raymond Granville Barger,1984,Mural/Public Art,39.982775,-75.222750
Turkish Catapult Stones,,1400,Gate posts,40.056600,-75.187800
Turtle Creek,Paul Santoleri,2020,Bridge,40.024650,-75.223065
Tuscan Girl Fountain,Oscar Stonorov,1965,Wall,39.956100,-75.168550
The Tuskegee Airmen: They Met the Challenge,Marcus Akinlana,2009,Wall,39.955950,-75.200025
The Tuttleman Center,,2001,North wall,40.019400,-75.192375
Twilight Tales,Delia King,2013,North wall,39.942915,-75.152400
Two Athletes,Joe Brown,1969,Mural/Public Art,39.980800,-75.157650
Two Hands,"Joseph J. Greenberg, Jr.",1973,Mural/Public Art,39.959075,-75.201275
Two Open Triangles Leaning Gyratory,George Rickey,1982,On the Library roof,39.955450,-75.189725
Two-Part Chair,Scott Burton,1986,Mural/Public Art,39.967190,-75.181410
Ukrainian Catholic Cathedral of the Immaculate Conception,,1966,Entrance,39.966325,-75.150050
Under the Clothespin,Emilie Ledieu,2012,Concourse level wall,39.952250,-75.16570
Unidentified,,,Mural/Public Art,39.961125,-75.152675
Unidentifed,,,Mural/Public Art,39.956200,-75.140350
Unidentified,,1974,Mural/Public Art,39.943725,-75.159700
Unidentified Heads,,,Low on the wall,39.949400,-75.174625
Union Baptist Church Gargoyles,Charles Webber Bolton (Architect),1916,Walls,39.942775,-75.174475
United House of Prayer For All People,,,Front wall,39.962800,-75.204150
United States Custom House,Ritter and Shay (Architects),1932,Whole building,39.948300,-75.144185
United States Mint Historical Plaque,,1992,Wall,39.952240,-75.151550
Unity,Richard Lieberman,1969,Mural/Public Art,39.946025,-75.147500
University City High School,Isaiah Zagar,,Entrance art,39.957475,-75.194300
University Museum Entrance,Alexander Stirling Calder,1899,Over the door,39.949160,-75.191140
University Museum Fountain,Alexander Stirling Calder,1920,Inside wall,39.949440,-75.190805
University Museum Fountain 2,Laurie Olin,2002,Mural/Public Art,39.949360,-75.190890
University Museum Glass Mosaics,Tiffany Glass and Decorating Co.,1899,Walls of the Lower Courtyard,39.949160,-75.191140
University Museum Lower Courtyard Gates,Samuel Yellin,1920,Gates,39.949575,-75.190950
University Museum Medallions,John Ross,1899,Walls of the Lower Courtyard,39.949160,-75.191140
University Museum Upper Entrance,Alexander Stirling Calder,1899,Upper (West) courtyard entrance,39.949630,-75.191660
University Museum Watering Trough,Alexander Stirling Calder,1899,Stairs to the upper courtyard,39.949915,-75.191360
University of Pennsylvania Class of 1930 Plaque,,1980,Wall,39.952250,-75.146900
Untitled,Jon Bogle,1974,Mural/Public Art,40.01930,-75.155560
Untitled,Charles Fahlen,1977,Plaza,40.042625,-75.171300
Untitled,Fred Fisher,1980,Mural/Public Art,39.958260,-75.144100
Untitled,Dennis Koronan,1990,Mural/Public Art,39.907400,-75.234004
Untitled,Lark Lucas,1982,Walls,39.956900,-75.192250
Untitled,Sam Maitin,2017,Mural/Public Art,40.083050,-75.220600
Untitled,Mark Maroshick,1970,Wall,39.934800,-75.146100
Untitled,Robert E. Montgomery,1972,On the wall,39.959850,-75.148600
Untitled,Robert Ranieri,1972,Mural/Public Art,,
Untitled Gates,Eric Berg,1979,Gates,39.945975,-75.156450
Untitled Wall Sculpture,George Sugarman,1972,Interior,39.952400,-75.177500
Upper Burial Ground Memorials,,,Wall,40.043775,-75.181225
Urns,Paul Philippe Cret (Architect),1966,Mural/Public Art,39.950105,-75.171285
USMC Quartermaster Depot Lamps,Rankin and Kellog (Architects),1908,Mural/Public Art,39.937500,-75.167050
The Value of Family,Eric Okdeh,2006,Wall,39.961025,-75.146500
Venez-Voir Ravens,"Boyd, Abel and Gugert (Architects)",1929,Entrance,39.949540,-75.175728
Venus and Mars,Robert Ranieri,1975,Mural/Public Art,,
Vernon Park Mosaic,Isaiah Zagar,1995,Wall,40.036450,-75.176600
Veterans Memorial,,2005,Mural/Public Art,39.905400,-75.171900
Veterans Stadium Liberty Bell,Cima Network,2019,Mural/Public Art,39.904910,-75.167950
Video Arbor,Nam June Paik,1990,Entrance,39.959925,-75.167640
Vine Street Neighborhood Relief,Michael Borsuk,1986,Bridge (676 overpass),39.957050,-75.145800
Voyage of Ulysses,David von Schlegell,1977,Plaza,39.951875,-75.150500
W Entrance,Nelson Worldwide (Architects),2020,Entrance,39.951065,-75.164840
Walk Together Forever,statues.com,2013,Mural/Public Art,39.904600,-75.169100
The Wall As a Window,Richard Camitta,1979,Wall,39.955550,-75.140425
Wall Reliefs,G. Frye,1982,Walls,39.956300,-75.176300
Wall Reliefs,George Sugarman,1980,Wall,39.947225,-75.156250
Walt Whitman,Leonard Baskin,1981,Mural/Public Art,39.914700,-75.156260
Walt Whitman,Jo Davidson,1939,Mural/Public Art,39.911460,-75.173325
Wanamaker House,Joseph M. Huston (Architect),1900,Entrance,39.950550,-75.173225
War Memorial Flagpole,Charles Rudy,1951,Mural/Public Art,39.951375,-75.190180
Warwick Apartments,Price and McLanahan Architects,1901,Over the entrance,39.951150,-75.172760
Warwick Hotel,Samuel Brian Baylinson (Architect),1928,Walls,39.948940,-75.169800
Washington Crossing the Delaware,Guangxi Qihe Bronze Studio,2017,North wall,39.948495,-75.145650
Washington Grays Monument,John A. Wilson,1908,Mural/Public Art,39.950060,-75.164350
The Washington Monument,Rudolf Siemering,1897,Mural/Public Art,39.964250,-75.179150
Washington Square Prisoners of War Memorial,,1900,Mural/Public Art,39.947400,-75.151550
Water,Robinson Fredenthal,1973,In the lobby,39.951800,-75.160700
Water Nymph and Bittern,William Rush,1809,Mural/Public Art,39.965415,-75.183220
Water Under the Bridge,Beth Clevenstine,2015,Walkway stairs and walls,40.032100,-75.233100
Water Works Fountain,,2006,Mural/Public Art,39.965415,-75.183220
Waters of Change,Paul Santoleri,2013,Walls,40.026850,-75.227400
WCAU Building,Harry Sternfeld (Design Architect),1932,Over the entrance,39.951310,-75.168190
We Here,Roberto Lugo,2024,Mural/Public Art,39.997625,-75.111920
We Lost,Tony Smith,1966,Mural/Public Art,39.952625,-75.188900
We the People,Ian Bader,2003,Wall,39.953275,-75.148700
Weaver's Knot: Sheet Bend,Ball-Nogues Studio,2022,Mural/Public Art,39.953050,-75.139750
The Wedges,Robert Morris,1970,Mural/Public Art,39.970075,-75.184175
Welcome,EvAngelos W. Frudakis,1988,Mural/Public Art,39.949750,-75.173100
Welcome Park,"Venturi, Scott Brown (and Rauch)",1982,Plaza,39.947300,-75.143975
Welcome to Main Street Manayunk Sign,"Venturi, Scott Brown (and Rauch)",2002,Mural/Public Art,40.015615,-75.209110
Welcoming to Freedom,Maurice Sterne,1939,Mural/Public Art,39.973885,-75.191000
Welsh Society Plaque,,1968,East wall,39.952250,-75.162750
Western Union Logo,William Welles Bosworth (Architect),1922,Wall,39.947650,-75.159550
When I was Hungry and Thirsty,Timothy Schmalz,2017,Mural/Public Art,39.955750,-75.198070
While Everything Is Happening Everywhere Else,Isaiah Zagar,2017,Wall,39.944450,-75.162700
The Whispering Bells of Freedom,Reginald Beauchamp,1976,Mural/Public Art,39.953125,-75.151650
White Water,Robinson Fredenthal,1978,Mural/Public Art,40.082400,-75.219950
Widener Building,Horace Trumbauer (Architect),1914,Entrance,39.950860,-75.163110
William H. Gray III 30th Street Station Sign,Calori and Vanden-Eynden Design,2015,Mural/Public Art,39.955070,-75.18297
William McKinley,Isidore Konti,1908,Mural/Public Art,39.951750,-75.163200
William Penn,Alexander Milne Calder,1890,Part of the whole building's art,39.952750,-75.163350
William Penn,Frank C. Gaylord,1982,Mural/Public Art,39.966850,-75.128650
William Penn,Edgar Viguers Seeler (Architect),1914,Above the entrance,39.947595,-75.150870
William Penn,John Cheere,1774,Mural/Public Art,39.944650,-75.155825
William Penn's Prayer for Philadelphia 1684,,,Wall,39.952325,-75.163175
William Pepper,Karl Bitter,1896,Mural/Public Art,39.951230,-75.193825
Wills Sainte Claire Logo,,1923,Walls,39.963075,-75.189200
Wilma Theater Sign,Hugh Hardy,1996,Front wall,39.947210,-75.164565
Wilt Chamberlain,Omri Amrany,2004,Plaza,39.900425,-75.171200
Wind Helix,Roy Wilson,1994,Back of the fence,39.955950,-75.198100
"The Winged Ox, Symbol of St. Luke the Physician",Henry Mitchell,1976,Mural/Public Art,39.948400,-75.157850
Winged Woman,Arlene Love,1987,Mural/Public Art,39.949085,-75.173225
Wisdom and Commerce,Alfred-Alphonse Bottiau,1932,Flanking the entrance,39.950050,-75.156650
Wissahickon Valley Gate,Christopher T. Ray,1979,Gate,39.951600,-75.169100
Wistar Institute Entrance,Conkling-Armstrong Terra Cotta Company,1894,Entrance,39.951200,-75.195425
Witherspoon Building,Conkling-Armstrong Terra Cotta Company,1895,Entire Building,39.949250,-75.163200
Witherspoon Building Figures,Alexander Stirling Calder,1899,Front courtyard,39.942900,-75.149950
Woman Looking Through a Window,George Segal,1980,Building entrance overhang,39.949400,-75.151575
Women Around Window,Wilson Eyre (Architect),1896,Wall,39.949450,-75.175075
Women Washing,Dexter Jones,1968,Wall,39.928310,-75.218950
Word Play,David Cerulli,1986,Mural/Public Art,40.039380,-75.053150
World Park,Ned Smyth,1995,Plaza,39.952800,-75.159875
World War I Tablet,Nicola D'Ascenzo Studios,1943,Wall,39.952600,-75.163450
World War II Submariners Memorial,,1996,Mural/Public Art,39.943700,-75.141300
The Wrestlers,Ferdinand Barbedienne,1885,Mural/Public Art,39.984250,-75.209950
Wynn Commons Sign,"Venturi, Scott Brown (and Rauch)",2001,Mural/Public Art,39.951090,-75.193215
Yoel/Dylan,Isaiah Zagar,2001,Wall,39.941495,-75.154775
The Young Gymnast,Harold Kimmelman,1979,Mural/Public Art,40.030350,-75.093325
Your Move,Daniel Martinez,1996,Scattered around the plaza,39.953950,-75.164150
Zen Doors,Ike Hay,1976,Wall,39.957565,-75.144300
Zimmerman House,,1911,Under the eaves and on the roof,39.962975,-75.145450
Zoo Menagerie,Geronimo Company,2002,Railroad bridge,39.975150,-75.195550
Zoo Sign,Gecko Group,2013,Mural/Public Art,39.974975,-75.195250
